{"std_train_score": [0.0, 0.0, 0.0, 0.0, 0.0, 0.0, 0.0, 0.0, 0.0, 0.0, 0.0, 0.0, 0.0, 0.0, 0.0, 0.0, 0.0, 0.0, 0.0, 0.0], "split4_test_score": [0.12736535662299855, 0.12882096069868995, 0.12882096069868995, 0.13100436681222707, 0.12954876273653565, 0.13609898107714702, 0.13537117903930132, 0.13973799126637554, 0.13973799126637554, 0.14192139737991266, 0.1433770014556041, 0.14264919941775836, 0.1470160116448326, 0.1462882096069869, 0.14847161572052403, 0.14847161572052403, 0.14992721979621543, 0.15138282387190685, 0.15065502183406113, 0.15356622998544395], "rank_test_score": [20, 19, 18, 17, 16, 15, 14, 13, 12, 11, 10, 9, 8, 7, 6, 5, 4, 3, 2, 1], "param_n_neighbors": [2, 3, 4, 5, 6, 7, 8, 9, 10, 11, 12, 13, 14, 15, 16, 17, 18, 19, 20, 21], "split2_train_score": [1.0, 1.0, 1.0, 1.0, 1.0, 1.0, 1.0, 1.0, 1.0, 1.0, 1.0, 1.0, 1.0, 1.0, 1.0, 1.0, 1.0, 1.0, 1.0, 1.0], "std_score_time": [0.005154715338443666, 0.003857560916007296, 0.0022354495522305547, 0.0031551056141083627, 0.002161011584285178, 0.007850107457359616, 0.013368649981161948, 0.002100299042547085, 0.00523904110213556, 0.0039062371960398444, 0.006887308981918767, 0.0031797789865769086, 0.0028963346224255815, 0.01071773230542167, 0.004089550659851027, 0.007034953844745645, 0.0051589727383553104, 0.00494787767554972, 0.009798485973590138, 0.0035585930260862626], "split4_train_score": [1.0, 1.0, 1.0, 1.0, 1.0, 1.0, 1.0, 1.0, 1.0, 1.0, 1.0, 1.0, 1.0, 1.0, 1.0, 1.0, 1.0, 1.0, 1.0, 1.0], "split2_test_score": [0.05873821609862219, 0.07034082668600435, 0.07034082668600435, 0.07831762146482958, 0.0826686004350979, 0.08484408992023205, 0.08556925308194344, 0.08919506889050036, 0.09209572153734591, 0.09644670050761421, 0.09934735315445975, 0.10007251631617115, 0.10152284263959391, 0.10297316896301668, 0.10442349528643945, 0.10514865844815083, 0.10732414793328499, 0.10804931109499638, 0.10949963741841914, 0.10949963741841914], "mean_score_time": [0.14258246421813964, 0.13551087379455568, 0.13388581275939943, 0.13613362312316896, 0.13661303520202636, 0.13838486671447753, 0.14133238792419434, 0.1361177921295166, 0.14035520553588868, 0.13802490234375, 0.1385591983795166, 0.13444790840148926, 0.137052583694458, 0.14318151473999025, 0.14204082489013672, 0.14243679046630858, 0.1420905113220215, 0.1545421600341797, 0.1463026523590088, 0.13929738998413085], "mean_fit_time": [0.13200135231018068, 0.11046733856201171, 0.11180815696716309, 0.11232719421386719, 0.10794939994812011, 0.0943983554840088, 0.094020414352417, 0.10542502403259277, 0.08761658668518066, 0.10345873832702637, 0.08916816711425782, 0.08864107131958007, 0.10218801498413085, 0.10199294090270997, 0.10030603408813477, 0.1139336109161377, 0.13181848526000978, 0.14390482902526855, 0.09631342887878418, 0.07604246139526367], "split3_train_score": [1.0, 1.0, 1.0, 1.0, 1.0, 1.0, 1.0, 1.0, 1.0, 1.0, 1.0, 1.0, 1.0, 1.0, 1.0, 1.0, 1.0, 1.0, 1.0, 1.0], "split0_train_score": [1.0, 1.0, 1.0, 1.0, 1.0, 1.0, 1.0, 1.0, 1.0, 1.0, 1.0, 1.0, 1.0, 1.0, 1.0, 1.0, 1.0, 1.0, 1.0, 1.0], "std_test_score": [0.04051596884524321, 0.04041521236097839, 0.04030063076898495, 0.042056246898119626, 0.040012102194042685, 0.04268771715861878, 0.03863531595112976, 0.0403576690536123, 0.04403674634493214, 0.05000749442882473, 0.05493879998200516, 0.061561144955447414, 0.06588612465268662, 0.06746478049699348, 0.0736922470962558, 0.0780717815939835, 0.08128417038146878, 0.08714263760121975, 0.08824005495940225, 0.09062813724833471], "split1_train_score": [1.0, 1.0, 1.0, 1.0, 1.0, 1.0, 1.0, 1.0, 1.0, 1.0, 1.0, 1.0, 1.0, 1.0, 1.0, 1.0, 1.0, 1.0, 1.0, 1.0], "split0_test_score": [0.030390738060781478, 0.030390738060781478, 0.03183791606367583, 0.030390738060781478, 0.03183791606367583, 0.031114327062228653, 0.03256150506512301, 0.03256150506512301, 0.03400868306801737, 0.03328509406657019, 0.03328509406657019, 0.03328509406657019, 0.03400868306801737, 0.03473227206946455, 0.03473227206946455, 0.03473227206946455, 0.03473227206946455, 0.03473227206946455, 0.03473227206946455, 0.03473227206946455], "mean_test_score": [0.06906558328496808, 0.07414393499709808, 0.07588508415554265, 0.07893209518282066, 0.08081834010446895, 0.0853163087637841, 0.09619849100406268, 0.1044689495066744, 0.11157864190365642, 0.11825304701102728, 0.12333139872315728, 0.1286999419616947, 0.13493905977945445, 0.1374056877539176, 0.143789901334881, 0.14712710388856648, 0.1504643064422519, 0.1546720835751596, 0.1556877539175856, 0.1577190946024376], "param_n_jobs": [-1, -1, -1, -1, -1, -1, -1, -1, -1, -1, -1, -1, -1, -1, -1, -1, -1, -1, -1, -1], "params": [{"n_neighbors": 2, "n_jobs": -1, "weights": "distance"}, {"n_neighbors": 3, "n_jobs": -1, "weights": "distance"}, {"n_neighbors": 4, "n_jobs": -1, "weights": "distance"}, {"n_neighbors": 5, "n_jobs": -1, "weights": "distance"}, {"n_neighbors": 6, "n_jobs": -1, "weights": "distance"}, {"n_neighbors": 7, "n_jobs": -1, "weights": "distance"}, {"n_neighbors": 8, "n_jobs": -1, "weights": "distance"}, {"n_neighbors": 9, "n_jobs": -1, "weights": "distance"}, {"n_neighbors": 10, "n_jobs": -1, "weights": "distance"}, {"n_neighbors": 11, "n_jobs": -1, "weights": "distance"}, {"n_neighbors": 12, "n_jobs": -1, "weights": "distance"}, {"n_neighbors": 13, "n_jobs": -1, "weights": "distance"}, {"n_neighbors": 14, "n_jobs": -1, "weights": "distance"}, {"n_neighbors": 15, "n_jobs": -1, "weights": "distance"}, {"n_neighbors": 16, "n_jobs": -1, "weights": "distance"}, {"n_neighbors": 17, "n_jobs": -1, "weights": "distance"}, {"n_neighbors": 18, "n_jobs": -1, "weights": "distance"}, {"n_neighbors": 19, "n_jobs": -1, "weights": "distance"}, {"n_neighbors": 20, "n_jobs": -1, "weights": "distance"}, {"n_neighbors": 21, "n_jobs": -1, "weights": "distance"}], "std_fit_time": [0.017924417012094136, 0.0028736384197264896, 0.011926615365486221, 0.004800521513451671, 0.007921968208381123, 0.008507627424684939, 0.009481410681162405, 0.006232288727559241, 0.01900145055966631, 0.016596290952921627, 0.009922279421308272, 0.00807842159558772, 0.012616395153831608, 0.021348228501610576, 0.020519830774066553, 0.0227393949379746, 0.025742511759506346, 0.030061516825371237, 0.012933856809394823, 0.015652923725658928], "split3_test_score": [0.024691358024691357, 0.030501089324618737, 0.03340595497458242, 0.03413217138707335, 0.03994190268700073, 0.04502541757443718, 0.09005083514887437, 0.12273057371096587, 0.1532316630355846, 0.1793754538852578, 0.19825708061002179, 0.22076978939724037, 0.23311546840958605, 0.23819898329702252, 0.25635439360929557, 0.2701525054466231, 0.280319535221496, 0.2984749455337691, 0.3021060275962237, 0.3093681917211329], "mean_train_score": [1.0, 1.0, 1.0, 1.0, 1.0, 1.0, 1.0, 1.0, 1.0, 1.0, 1.0, 1.0, 1.0, 1.0, 1.0, 1.0, 1.0, 1.0, 1.0, 1.0], "param_weights": ["distance", "distance", "distance", "distance", "distance", "distance", "distance", "distance", "distance", "distance", "distance", "distance", "distance", "distance", "distance", "distance", "distance", "distance", "distance", "distance"], "split1_test_score": [0.10434782608695652, 0.1108695652173913, 0.11521739130434783, 0.12101449275362319, 0.12028985507246377, 0.12971014492753624, 0.13768115942028986, 0.13840579710144926, 0.1391304347826087, 0.14057971014492754, 0.1427536231884058, 0.1471014492753623, 0.15942028985507245, 0.16521739130434782, 0.1753623188405797, 0.17753623188405798, 0.18043478260869567, 0.18115942028985507, 0.18188405797101448, 0.18188405797101448]}