{"split4_test_score": [0.12736535662299855, 0.12882096069868995, 0.12882096069868995, 0.13100436681222707, 0.12954876273653565, 0.13609898107714702, 0.13537117903930132, 0.13973799126637554, 0.13973799126637554, 0.14192139737991266, 0.1433770014556041, 0.14264919941775836, 0.1470160116448326, 0.1462882096069869, 0.14847161572052403, 0.14847161572052403, 0.14992721979621543, 0.15138282387190685, 0.15065502183406113, 0.15356622998544395], "rank_test_score": [20, 19, 18, 17, 16, 15, 14, 13, 12, 11, 10, 9, 8, 7, 6, 5, 4, 3, 2, 1], "param_n_neighbors": [2, 3, 4, 5, 6, 7, 8, 9, 10, 11, 12, 13, 14, 15, 16, 17, 18, 19, 20, 21], "std_score_time": [0.0027120835745277, 0.0028110023321456976, 0.0021385566699312322, 0.0008176639664023226, 0.0019405666221592546, 0.011314230342661876, 0.0012818991628932978, 0.0029154421257708983, 0.005508883844892854, 0.006911862436988407, 0.008805745065116072, 0.007742452723217093, 0.003427128949574737, 0.004356750304946507, 0.00900667877910973, 0.007470250613613504, 0.0021464582993976056, 0.005705969799053418, 0.004254708341592677, 0.0027522788241596623], "split2_test_score": [0.05873821609862219, 0.07034082668600435, 0.07034082668600435, 0.07831762146482958, 0.0826686004350979, 0.08484408992023205, 0.08556925308194344, 0.08919506889050036, 0.09209572153734591, 0.09644670050761421, 0.09934735315445975, 0.10007251631617115, 0.10152284263959391, 0.10297316896301668, 0.10442349528643945, 0.10514865844815083, 0.10732414793328499, 0.10804931109499638, 0.10949963741841914, 0.10949963741841914], "mean_score_time": [0.13839077949523926, 0.13408346176147462, 0.13506608009338378, 0.13583202362060548, 0.13752551078796388, 0.14333386421203614, 0.13633341789245607, 0.13824796676635742, 0.1381143569946289, 0.13950643539428711, 0.1436169147491455, 0.14034934043884278, 0.1398159980773926, 0.13687338829040527, 0.1401825428009033, 0.13942112922668456, 0.13738636970520018, 0.14350614547729493, 0.1396951675415039, 0.13921027183532714], "mean_fit_time": [0.1152155876159668, 0.11311678886413574, 0.11327753067016602, 0.09696097373962402, 0.0803177833557129, 0.09281096458435059, 0.10457181930541992, 0.10464286804199219, 0.09317922592163086, 0.0998227596282959, 0.11942853927612304, 0.12294721603393555, 0.09853143692016601, 0.09933280944824219, 0.10041546821594238, 0.09915661811828613, 0.09993643760681152, 0.08978419303894043, 0.0856893539428711, 0.0741337776184082], "std_test_score": [0.04051596884524321, 0.04041521236097839, 0.04030063076898495, 0.042056246898119626, 0.040012102194042685, 0.04268771715861878, 0.03863531595112976, 0.0403576690536123, 0.04403674634493214, 0.05000749442882473, 0.05493879998200516, 0.061561144955447414, 0.06588612465268662, 0.06746478049699348, 0.0736922470962558, 0.0780717815939835, 0.08128417038146878, 0.08714263760121975, 0.08824005495940225, 0.09062813724833471], "split0_test_score": [0.030390738060781478, 0.030390738060781478, 0.03183791606367583, 0.030390738060781478, 0.03183791606367583, 0.031114327062228653, 0.03256150506512301, 0.03256150506512301, 0.03400868306801737, 0.03328509406657019, 0.03328509406657019, 0.03328509406657019, 0.03400868306801737, 0.03473227206946455, 0.03473227206946455, 0.03473227206946455, 0.03473227206946455, 0.03473227206946455, 0.03473227206946455, 0.03473227206946455], "mean_test_score": [0.06906558328496808, 0.07414393499709808, 0.07588508415554265, 0.07893209518282066, 0.08081834010446895, 0.0853163087637841, 0.09619849100406268, 0.1044689495066744, 0.11157864190365642, 0.11825304701102728, 0.12333139872315728, 0.1286999419616947, 0.13493905977945445, 0.1374056877539176, 0.143789901334881, 0.14712710388856648, 0.1504643064422519, 0.1546720835751596, 0.1556877539175856, 0.1577190946024376], "param_n_jobs": [-1, -1, -1, -1, -1, -1, -1, -1, -1, -1, -1, -1, -1, -1, -1, -1, -1, -1, -1, -1], "params": [{"n_neighbors": 2, "n_jobs": -1, "weights": "distance"}, {"n_neighbors": 3, "n_jobs": -1, "weights": "distance"}, {"n_neighbors": 4, "n_jobs": -1, "weights": "distance"}, {"n_neighbors": 5, "n_jobs": -1, "weights": "distance"}, {"n_neighbors": 6, "n_jobs": -1, "weights": "distance"}, {"n_neighbors": 7, "n_jobs": -1, "weights": "distance"}, {"n_neighbors": 8, "n_jobs": -1, "weights": "distance"}, {"n_neighbors": 9, "n_jobs": -1, "weights": "distance"}, {"n_neighbors": 10, "n_jobs": -1, "weights": "distance"}, {"n_neighbors": 11, "n_jobs": -1, "weights": "distance"}, {"n_neighbors": 12, "n_jobs": -1, "weights": "distance"}, {"n_neighbors": 13, "n_jobs": -1, "weights": "distance"}, {"n_neighbors": 14, "n_jobs": -1, "weights": "distance"}, {"n_neighbors": 15, "n_jobs": -1, "weights": "distance"}, {"n_neighbors": 16, "n_jobs": -1, "weights": "distance"}, {"n_neighbors": 17, "n_jobs": -1, "weights": "distance"}, {"n_neighbors": 18, "n_jobs": -1, "weights": "distance"}, {"n_neighbors": 19, "n_jobs": -1, "weights": "distance"}, {"n_neighbors": 20, "n_jobs": -1, "weights": "distance"}, {"n_neighbors": 21, "n_jobs": -1, "weights": "distance"}], "std_fit_time": [0.016170229610858955, 0.009187107519817552, 0.008456141455372077, 0.011898057301203446, 0.017676042099436656, 0.0126603875374559, 0.009865011083704644, 0.00934103624643678, 0.009135950539037596, 0.008366831571256127, 0.011192309046442597, 0.01562528496537456, 0.006401087188060227, 0.005731155146303812, 0.009652883180788838, 0.007515973279731294, 0.0063083447376426445, 0.01686676944276712, 0.01557296635019841, 0.014113101334753703], "split3_test_score": [0.024691358024691357, 0.030501089324618737, 0.03340595497458242, 0.03413217138707335, 0.03994190268700073, 0.04502541757443718, 0.09005083514887437, 0.12273057371096587, 0.1532316630355846, 0.1793754538852578, 0.19825708061002179, 0.22076978939724037, 0.23311546840958605, 0.23819898329702252, 0.25635439360929557, 0.2701525054466231, 0.280319535221496, 0.2984749455337691, 0.3021060275962237, 0.3093681917211329], "param_weights": ["distance", "distance", "distance", "distance", "distance", "distance", "distance", "distance", "distance", "distance", "distance", "distance", "distance", "distance", "distance", "distance", "distance", "distance", "distance", "distance"], "split1_test_score": [0.10434782608695652, 0.1108695652173913, 0.11521739130434783, 0.12101449275362319, 0.12028985507246377, 0.12971014492753624, 0.13768115942028986, 0.13840579710144926, 0.1391304347826087, 0.14057971014492754, 0.1427536231884058, 0.1471014492753623, 0.15942028985507245, 0.16521739130434782, 0.1753623188405797, 0.17753623188405798, 0.18043478260869567, 0.18115942028985507, 0.18188405797101448, 0.18188405797101448]}