{"split4_test_score": [0.12809315866084425, 0.12954876273653565, 0.12954876273653565, 0.13173216885007277, 0.13027656477438138, 0.13682678311499272, 0.13609898107714702, 0.14046579330422126, 0.14046579330422126, 0.14264919941775836, 0.1433770014556041, 0.14264919941775836, 0.1470160116448326, 0.1462882096069869, 0.14992721979621543, 0.1564774381368268, 0.16229985443959244, 0.16739446870451238, 0.1717612809315866, 0.17540029112081515], "rank_test_score": [20, 19, 18, 17, 16, 15, 14, 13, 12, 11, 10, 9, 8, 7, 6, 5, 4, 3, 2, 1], "param_n_neighbors": [2, 3, 4, 5, 6, 7, 8, 9, 10, 11, 12, 13, 14, 15, 16, 17, 18, 19, 20, 21], "std_score_time": [0.001947453106590263, 0.0019665694272582948, 0.0008318393460668136, 0.0034763921476927096, 0.0018470204136361858, 0.002753769402056842, 0.003931305454833164, 0.0039650875364212355, 0.001948861213404406, 0.007316370848352856, 0.004294591507300157, 0.006670169413942454, 0.0019260742952279437, 0.003978662935469667, 0.0036877568665942364, 0.0037683834289225795, 0.016686706524889725, 0.004999187632055186, 0.004023091517504579, 0.0019903938494345583], "split2_test_score": [0.06236403190717912, 0.0725163161711385, 0.0725163161711385, 0.07976794778825236, 0.08484408992023205, 0.08701957940536621, 0.0877447425670776, 0.09064539521392313, 0.09354604786076867, 0.09789702683103699, 0.10079767947788253, 0.10152284263959391, 0.10297316896301668, 0.10442349528643945, 0.10587382160986222, 0.10587382160986222, 0.10804931109499638, 0.10877447425670776, 0.10949963741841914, 0.10877447425670776], "mean_score_time": [0.1429147720336914, 0.1380683422088623, 0.13652544021606444, 0.13693022727966309, 0.13785243034362793, 0.13743081092834472, 0.13684430122375488, 0.14056024551391602, 0.1422206401824951, 0.1413789749145508, 0.13966221809387208, 0.13874683380126954, 0.1376405715942383, 0.13901934623718262, 0.13781590461730958, 0.13856935501098633, 0.14565844535827638, 0.1424957275390625, 0.14019422531127929, 0.13743305206298828], "mean_fit_time": [0.14631438255310059, 0.13210706710815429, 0.1260648250579834, 0.12678399085998535, 0.13490495681762696, 0.12649183273315429, 0.122802734375, 0.1194873332977295, 0.11831979751586914, 0.1309260368347168, 0.1226287841796875, 0.11274261474609375, 0.09551286697387695, 0.08868422508239746, 0.10285162925720215, 0.10770182609558106, 0.11685967445373535, 0.10476126670837402, 0.10444064140319824, 0.0826446533203125], "std_test_score": [0.0416991531090773, 0.043204283398335534, 0.043134383102467276, 0.04485879203282475, 0.0431035586102649, 0.04576623578425826, 0.04296136395081573, 0.04482640718306863, 0.046765356551753824, 0.05437818800317394, 0.05742124109354332, 0.06389717698816738, 0.06821644424854571, 0.06971721280050099, 0.0756753458964946, 0.08063138815000916, 0.08492332770358732, 0.09054993280889159, 0.0916038182953038, 0.09373907936290654], "split0_test_score": [0.022415039768618944, 0.018076644974692697, 0.018799710773680405, 0.018076644974692697, 0.018799710773680405, 0.018799710773680405, 0.019522776572668113, 0.02024584237165582, 0.02675343456254519, 0.02096890817064353, 0.026030368763557483, 0.026030368763557483, 0.02675343456254519, 0.0274765003615329, 0.0274765003615329, 0.025307302964569775, 0.021691973969631236, 0.022415039768618944, 0.023138105567606652, 0.024584237165582067], "mean_test_score": [0.06804991294254208, 0.0722576900754498, 0.07370864770748695, 0.07675565873476495, 0.07878699941961695, 0.0832849680789321, 0.09416715031921068, 0.1024376088218224, 0.11070806732443413, 0.11622170632617528, 0.12217063261752757, 0.1273940800928613, 0.1337782936738247, 0.13609982588508415, 0.14219384793964016, 0.1455310504933256, 0.1487231572838073, 0.1536564132327336, 0.1556877539175856, 0.15800928612884504], "param_n_jobs": [-1, -1, -1, -1, -1, -1, -1, -1, -1, -1, -1, -1, -1, -1, -1, -1, -1, -1, -1, -1], "params": [{"n_neighbors": 2, "n_jobs": -1, "weights": "distance"}, {"n_neighbors": 3, "n_jobs": -1, "weights": "distance"}, {"n_neighbors": 4, "n_jobs": -1, "weights": "distance"}, {"n_neighbors": 5, "n_jobs": -1, "weights": "distance"}, {"n_neighbors": 6, "n_jobs": -1, "weights": "distance"}, {"n_neighbors": 7, "n_jobs": -1, "weights": "distance"}, {"n_neighbors": 8, "n_jobs": -1, "weights": "distance"}, {"n_neighbors": 9, "n_jobs": -1, "weights": "distance"}, {"n_neighbors": 10, "n_jobs": -1, "weights": "distance"}, {"n_neighbors": 11, "n_jobs": -1, "weights": "distance"}, {"n_neighbors": 12, "n_jobs": -1, "weights": "distance"}, {"n_neighbors": 13, "n_jobs": -1, "weights": "distance"}, {"n_neighbors": 14, "n_jobs": -1, "weights": "distance"}, {"n_neighbors": 15, "n_jobs": -1, "weights": "distance"}, {"n_neighbors": 16, "n_jobs": -1, "weights": "distance"}, {"n_neighbors": 17, "n_jobs": -1, "weights": "distance"}, {"n_neighbors": 18, "n_jobs": -1, "weights": "distance"}, {"n_neighbors": 19, "n_jobs": -1, "weights": "distance"}, {"n_neighbors": 20, "n_jobs": -1, "weights": "distance"}, {"n_neighbors": 21, "n_jobs": -1, "weights": "distance"}], "std_fit_time": [0.010576480453595891, 0.004614012190576024, 0.003136260371155978, 0.008747809676303444, 0.007289178296795915, 0.004700969131406198, 0.007513712796291266, 0.003333440355834342, 0.006216125040097848, 0.009319563112636904, 0.004878409924313987, 0.006925481226163665, 0.02034651985617065, 0.016733283770628094, 0.013252012518560594, 0.008138143067509854, 0.014423910671017422, 0.005690743275795849, 0.008681777514479412, 0.019279478954075325], "split3_test_score": [0.025436046511627907, 0.03125, 0.034156976744186045, 0.03488372093023256, 0.04142441860465116, 0.04578488372093023, 0.09084302325581395, 0.12354651162790697, 0.15406976744186046, 0.18023255813953487, 0.19912790697674418, 0.22165697674418605, 0.23401162790697674, 0.23909883720930233, 0.25726744186046513, 0.2710755813953488, 0.28125, 0.29941860465116277, 0.30305232558139533, 0.31031976744186046], "param_weights": ["distance", "distance", "distance", "distance", "distance", "distance", "distance", "distance", "distance", "distance", "distance", "distance", "distance", "distance", "distance", "distance", "distance", "distance", "distance", "distance"], "split1_test_score": [0.10217391304347827, 0.11014492753623188, 0.11376811594202899, 0.11956521739130435, 0.11884057971014493, 0.1282608695652174, 0.13695652173913042, 0.13768115942028986, 0.1391304347826087, 0.1398550724637681, 0.14202898550724638, 0.14565217391304347, 0.15869565217391304, 0.16376811594202897, 0.17101449275362318, 0.16956521739130434, 0.17101449275362318, 0.17101449275362318, 0.17173913043478262, 0.17173913043478262]}