{"std_train_score": [0.0, 0.0, 0.0, 0.0, 0.0, 0.0, 0.0, 0.0, 0.0, 0.0, 0.0, 0.0, 0.0, 0.0, 0.0, 0.0, 0.0, 0.0, 0.0, 0.0], "split4_test_score": [0.12809315866084425, 0.12954876273653565, 0.12954876273653565, 0.13173216885007277, 0.13027656477438138, 0.13682678311499272, 0.13609898107714702, 0.14046579330422126, 0.14046579330422126, 0.14264919941775836, 0.1433770014556041, 0.14264919941775836, 0.1470160116448326, 0.1462882096069869, 0.14992721979621543, 0.1564774381368268, 0.16229985443959244, 0.16739446870451238, 0.1717612809315866, 0.17540029112081515], "rank_test_score": [20, 19, 18, 17, 16, 15, 14, 13, 12, 11, 10, 9, 8, 7, 6, 5, 4, 3, 2, 1], "param_n_neighbors": [2, 3, 4, 5, 6, 7, 8, 9, 10, 11, 12, 13, 14, 15, 16, 17, 18, 19, 20, 21], "split2_train_score": [1.0, 1.0, 1.0, 1.0, 1.0, 1.0, 1.0, 1.0, 1.0, 1.0, 1.0, 1.0, 1.0, 1.0, 1.0, 1.0, 1.0, 1.0, 1.0, 1.0], "std_score_time": [0.0029903059405738688, 0.0021958531825246866, 0.005921202903326501, 0.020596563980250563, 0.00355401800796714, 0.004167265403370255, 0.008264329091210849, 0.004503013149882719, 0.01157300812560984, 0.004176851848030762, 0.00423990156863186, 0.004736404236005778, 0.005176798455217556, 0.006958064352700395, 0.004136375641250821, 0.0026585034433848445, 0.007299385797112134, 0.010375698356939574, 0.004400242050319401, 0.02002855439592887], "split4_train_score": [1.0, 1.0, 1.0, 1.0, 1.0, 1.0, 1.0, 1.0, 1.0, 1.0, 1.0, 1.0, 1.0, 1.0, 1.0, 1.0, 1.0, 1.0, 1.0, 1.0], "split2_test_score": [0.06236403190717912, 0.0725163161711385, 0.0725163161711385, 0.07976794778825236, 0.08484408992023205, 0.08701957940536621, 0.0877447425670776, 0.09064539521392313, 0.09354604786076867, 0.09789702683103699, 0.10079767947788253, 0.10152284263959391, 0.10297316896301668, 0.10442349528643945, 0.10587382160986222, 0.10587382160986222, 0.10804931109499638, 0.10877447425670776, 0.10949963741841914, 0.10877447425670776], "mean_score_time": [0.1415950298309326, 0.13735628128051758, 0.14201836585998534, 0.14857544898986816, 0.1435835361480713, 0.13543734550476075, 0.14286203384399415, 0.1396052360534668, 0.15115184783935548, 0.13611288070678712, 0.13865199089050292, 0.14433021545410157, 0.13813223838806152, 0.13793859481811524, 0.13986773490905763, 0.15142083168029785, 0.14368162155151368, 0.14517412185668946, 0.14305763244628905, 0.14807400703430176], "mean_fit_time": [0.14238061904907226, 0.12579874992370604, 0.10269546508789062, 0.12774157524108887, 0.10160617828369141, 0.12524161338806153, 0.1031656265258789, 0.08938436508178711, 0.13051862716674806, 0.09286351203918457, 0.08076162338256836, 0.1049811840057373, 0.09566755294799804, 0.08996777534484864, 0.09814739227294922, 0.11279811859130859, 0.09380621910095215, 0.08872742652893066, 0.08262085914611816, 0.0966651439666748], "split3_train_score": [1.0, 1.0, 1.0, 1.0, 1.0, 1.0, 1.0, 1.0, 1.0, 1.0, 1.0, 1.0, 1.0, 1.0, 1.0, 1.0, 1.0, 1.0, 1.0, 1.0], "split0_train_score": [1.0, 1.0, 1.0, 1.0, 1.0, 1.0, 1.0, 1.0, 1.0, 1.0, 1.0, 1.0, 1.0, 1.0, 1.0, 1.0, 1.0, 1.0, 1.0, 1.0], "std_test_score": [0.0416991531090773, 0.043204283398335534, 0.043134383102467276, 0.04485879203282475, 0.0431035586102649, 0.04576623578425826, 0.04296136395081573, 0.04482640718306863, 0.046765356551753824, 0.05437818800317394, 0.05742124109354332, 0.06389717698816738, 0.06821644424854571, 0.06971721280050099, 0.0756753458964946, 0.08063138815000916, 0.08492332770358732, 0.09054993280889159, 0.0916038182953038, 0.09373907936290654], "split1_train_score": [1.0, 1.0, 1.0, 1.0, 1.0, 1.0, 1.0, 1.0, 1.0, 1.0, 1.0, 1.0, 1.0, 1.0, 1.0, 1.0, 1.0, 1.0, 1.0, 1.0], "split0_test_score": [0.022415039768618944, 0.018076644974692697, 0.018799710773680405, 0.018076644974692697, 0.018799710773680405, 0.018799710773680405, 0.019522776572668113, 0.02024584237165582, 0.02675343456254519, 0.02096890817064353, 0.026030368763557483, 0.026030368763557483, 0.02675343456254519, 0.0274765003615329, 0.0274765003615329, 0.025307302964569775, 0.021691973969631236, 0.022415039768618944, 0.023138105567606652, 0.024584237165582067], "mean_test_score": [0.06804991294254208, 0.0722576900754498, 0.07370864770748695, 0.07675565873476495, 0.07878699941961695, 0.0832849680789321, 0.09416715031921068, 0.1024376088218224, 0.11070806732443413, 0.11622170632617528, 0.12217063261752757, 0.1273940800928613, 0.1337782936738247, 0.13609982588508415, 0.14219384793964016, 0.1455310504933256, 0.1487231572838073, 0.1536564132327336, 0.1556877539175856, 0.15800928612884504], "param_n_jobs": [-1, -1, -1, -1, -1, -1, -1, -1, -1, -1, -1, -1, -1, -1, -1, -1, -1, -1, -1, -1], "params": [{"n_neighbors": 2, "n_jobs": -1, "weights": "distance"}, {"n_neighbors": 3, "n_jobs": -1, "weights": "distance"}, {"n_neighbors": 4, "n_jobs": -1, "weights": "distance"}, {"n_neighbors": 5, "n_jobs": -1, "weights": "distance"}, {"n_neighbors": 6, "n_jobs": -1, "weights": "distance"}, {"n_neighbors": 7, "n_jobs": -1, "weights": "distance"}, {"n_neighbors": 8, "n_jobs": -1, "weights": "distance"}, {"n_neighbors": 9, "n_jobs": -1, "weights": "distance"}, {"n_neighbors": 10, "n_jobs": -1, "weights": "distance"}, {"n_neighbors": 11, "n_jobs": -1, "weights": "distance"}, {"n_neighbors": 12, "n_jobs": -1, "weights": "distance"}, {"n_neighbors": 13, "n_jobs": -1, "weights": "distance"}, {"n_neighbors": 14, "n_jobs": -1, "weights": "distance"}, {"n_neighbors": 15, "n_jobs": -1, "weights": "distance"}, {"n_neighbors": 16, "n_jobs": -1, "weights": "distance"}, {"n_neighbors": 17, "n_jobs": -1, "weights": "distance"}, {"n_neighbors": 18, "n_jobs": -1, "weights": "distance"}, {"n_neighbors": 19, "n_jobs": -1, "weights": "distance"}, {"n_neighbors": 20, "n_jobs": -1, "weights": "distance"}, {"n_neighbors": 21, "n_jobs": -1, "weights": "distance"}], "std_fit_time": [0.02761077306495519, 0.017315762576865797, 0.01864216889630563, 0.019238199933666756, 0.021035008648331008, 0.014204276917343833, 0.027048498089651245, 0.011491619519999207, 0.044535675356566974, 0.014236532658866336, 0.008569190147130135, 0.019141889996340655, 0.01826404247161486, 0.016566262326561915, 0.013597318503520604, 0.009016282139250154, 0.013521630767562166, 0.013833645396540575, 0.014481254059105846, 0.01368008892725384], "split3_test_score": [0.025436046511627907, 0.03125, 0.034156976744186045, 0.03488372093023256, 0.04142441860465116, 0.04578488372093023, 0.09084302325581395, 0.12354651162790697, 0.15406976744186046, 0.18023255813953487, 0.19912790697674418, 0.22165697674418605, 0.23401162790697674, 0.23909883720930233, 0.25726744186046513, 0.2710755813953488, 0.28125, 0.29941860465116277, 0.30305232558139533, 0.31031976744186046], "mean_train_score": [1.0, 1.0, 1.0, 1.0, 1.0, 1.0, 1.0, 1.0, 1.0, 1.0, 1.0, 1.0, 1.0, 1.0, 1.0, 1.0, 1.0, 1.0, 1.0, 1.0], "param_weights": ["distance", "distance", "distance", "distance", "distance", "distance", "distance", "distance", "distance", "distance", "distance", "distance", "distance", "distance", "distance", "distance", "distance", "distance", "distance", "distance"], "split1_test_score": [0.10217391304347827, 0.11014492753623188, 0.11376811594202899, 0.11956521739130435, 0.11884057971014493, 0.1282608695652174, 0.13695652173913042, 0.13768115942028986, 0.1391304347826087, 0.1398550724637681, 0.14202898550724638, 0.14565217391304347, 0.15869565217391304, 0.16376811594202897, 0.17101449275362318, 0.16956521739130434, 0.17101449275362318, 0.17101449275362318, 0.17173913043478262, 0.17173913043478262]}