{"std_train_score": [0.0, 0.0, 0.0, 0.0, 0.0, 0.0, 0.0, 0.0, 0.0, 0.0, 0.0, 0.0, 0.0, 0.0, 0.0, 0.0, 0.0, 0.0, 0.0, 0.0], "split4_test_score": [0.8674359696031523, 0.8674359696031523, 0.8674359696031523, 0.8674359696031523, 0.8674359696031523, 0.8674359696031523, 0.8674359696031523, 0.8674359696031523, 0.8674359696031523, 0.8674359696031523, 0.8674359696031523, 0.8674359696031523, 0.8674359696031523, 0.8674359696031523, 0.8674359696031523, 0.8674359696031523, 0.8674359696031523, 0.8674359696031523, 0.8674359696031523, 0.8674359696031523], "rank_test_score": [20, 19, 18, 17, 16, 15, 14, 13, 12, 11, 10, 9, 8, 7, 6, 5, 4, 3, 2, 1], "param_n_neighbors": [2, 3, 4, 5, 6, 7, 8, 9, 10, 11, 12, 13, 14, 15, 16, 17, 18, 19, 20, 21], "split2_train_score": [1.0, 1.0, 1.0, 1.0, 1.0, 1.0, 1.0, 1.0, 1.0, 1.0, 1.0, 1.0, 1.0, 1.0, 1.0, 1.0, 1.0, 1.0, 1.0, 1.0], "std_score_time": [0.007928603527328685, 0.004535355802835585, 0.004010509388352542, 0.005993686633393746, 0.0026429042714995656, 0.006401179885034712, 0.007737978145579903, 0.006458851584785325, 0.008342796762065499, 0.014937803167969086, 0.006468372555430394, 0.004692610489916305, 0.012392908977015994, 0.005943030337469207, 0.009458754327339529, 0.009853139269547888, 0.003940840100608657, 0.014364676160786901, 0.0019303507603969463, 0.018232092750852302], "split4_train_score": [1.0, 1.0, 1.0, 1.0, 1.0, 1.0, 1.0, 1.0, 1.0, 1.0, 1.0, 1.0, 1.0, 1.0, 1.0, 1.0, 1.0, 1.0, 1.0, 1.0], "split2_test_score": [0.09425998874507598, 0.10551491277433878, 0.10551491277433878, 0.11311198649409117, 0.1212718064153067, 0.1252110298255487, 0.12549240292628025, 0.12802476083286438, 0.13083849184018007, 0.1325267304445695, 0.13477771525042206, 0.13956105796285875, 0.14350028137310072, 0.1606640405177265, 0.19077096229600451, 0.2124366910523354, 0.23269555430500843, 0.24563871693866066, 0.259144625773776, 0.268992684299381], "mean_score_time": [0.16683382987976075, 0.14870734214782716, 0.1453620433807373, 0.14858145713806153, 0.14993758201599122, 0.16352601051330568, 0.15452976226806642, 0.15635714530944825, 0.16025681495666505, 0.1554877758026123, 0.15560579299926758, 0.1640040397644043, 0.1620960235595703, 0.16134982109069823, 0.1617802619934082, 0.17412276268005372, 0.16381750106811524, 0.16873412132263182, 0.15448341369628907, 0.17236180305480958], "mean_fit_time": [0.6946577548980712, 0.6791592121124268, 0.6638235569000244, 0.6452805519104003, 0.6551085948944092, 0.6812724113464356, 0.6558383941650391, 0.6915448188781739, 0.7146025657653808, 0.6915780544281006, 0.6723809719085694, 0.6795285701751709, 0.685896348953247, 0.6833154201507569, 0.680456018447876, 0.6879559993743897, 0.7070569515228271, 0.7198278903961182, 0.6967432022094726, 0.7240913867950439], "split3_train_score": [1.0, 1.0, 1.0, 1.0, 1.0, 1.0, 1.0, 1.0, 1.0, 1.0, 1.0, 1.0, 1.0, 1.0, 1.0, 1.0, 1.0, 1.0, 1.0, 1.0], "split0_train_score": [1.0, 1.0, 1.0, 1.0, 1.0, 1.0, 1.0, 1.0, 1.0, 1.0, 1.0, 1.0, 1.0, 1.0, 1.0, 1.0, 1.0, 1.0, 1.0, 1.0], "std_test_score": [0.35327703945861855, 0.3420746227678749, 0.3400441910815016, 0.33834628781868054, 0.33548162821464067, 0.33282836073357613, 0.3315423148857007, 0.33041427856721683, 0.3290488474913352, 0.3282321782735406, 0.327193215345416, 0.3257159488594805, 0.32457601765766186, 0.32065920438246004, 0.3143565423363391, 0.3100828981429247, 0.3062535917907914, 0.30389233352606926, 0.3013086047582693, 0.2995596812246594], "split1_train_score": [1.0, 1.0, 1.0, 1.0, 1.0, 1.0, 1.0, 1.0, 1.0, 1.0, 1.0, 1.0, 1.0, 1.0, 1.0, 1.0, 1.0, 1.0, 1.0, 1.0], "split0_test_score": [0.8674732695554305, 0.8674732695554305, 0.8674732695554305, 0.8674732695554305, 0.8674732695554305, 0.8674732695554305, 0.8674732695554305, 0.8674732695554305, 0.8674732695554305, 0.8674732695554305, 0.8674732695554305, 0.8674732695554305, 0.8674732695554305, 0.8674732695554305, 0.8674732695554305, 0.8674732695554305, 0.8674732695554305, 0.8674732695554305, 0.8674732695554305, 0.8674732695554305], "mean_test_score": [0.4370778928410626, 0.45424358397118414, 0.45807068887888336, 0.45981539846915803, 0.4638676271949572, 0.4684826654660063, 0.4715218370103557, 0.4734916704187303, 0.47568662764520486, 0.47720621341737957, 0.47917604682575415, 0.4814272850067537, 0.4830594326879784, 0.48739306618640255, 0.49414678072940116, 0.4989869428185502, 0.5033768572714993, 0.5063597478613238, 0.5096240432237731, 0.5119315623592976], "param_n_jobs": [-1, -1, -1, -1, -1, -1, -1, -1, -1, -1, -1, -1, -1, -1, -1, -1, -1, -1, -1, -1], "params": [{"n_neighbors": 2, "n_jobs": -1, "weights": "distance"}, {"n_neighbors": 3, "n_jobs": -1, "weights": "distance"}, {"n_neighbors": 4, "n_jobs": -1, "weights": "distance"}, {"n_neighbors": 5, "n_jobs": -1, "weights": "distance"}, {"n_neighbors": 6, "n_jobs": -1, "weights": "distance"}, {"n_neighbors": 7, "n_jobs": -1, "weights": "distance"}, {"n_neighbors": 8, "n_jobs": -1, "weights": "distance"}, {"n_neighbors": 9, "n_jobs": -1, "weights": "distance"}, {"n_neighbors": 10, "n_jobs": -1, "weights": "distance"}, {"n_neighbors": 11, "n_jobs": -1, "weights": "distance"}, {"n_neighbors": 12, "n_jobs": -1, "weights": "distance"}, {"n_neighbors": 13, "n_jobs": -1, "weights": "distance"}, {"n_neighbors": 14, "n_jobs": -1, "weights": "distance"}, {"n_neighbors": 15, "n_jobs": -1, "weights": "distance"}, {"n_neighbors": 16, "n_jobs": -1, "weights": "distance"}, {"n_neighbors": 17, "n_jobs": -1, "weights": "distance"}, {"n_neighbors": 18, "n_jobs": -1, "weights": "distance"}, {"n_neighbors": 19, "n_jobs": -1, "weights": "distance"}, {"n_neighbors": 20, "n_jobs": -1, "weights": "distance"}, {"n_neighbors": 21, "n_jobs": -1, "weights": "distance"}], "std_fit_time": [0.05399314374896185, 0.022249879077939128, 0.017742736016782706, 0.012588597397904603, 0.019973142743406558, 0.02326812792228115, 0.044048371926386914, 0.03580592856524218, 0.028389678999965574, 0.03105341848702564, 0.035653671252071716, 0.0544477572081971, 0.03332670585257407, 0.009020558192638433, 0.044928489868956624, 0.04644671621445837, 0.04937989331312085, 0.039611126954345585, 0.03492686185792973, 0.03771129971155121], "split3_test_score": [0.14691809738249367, 0.15254714325921756, 0.15423585702223472, 0.15451730931607094, 0.15508021390374332, 0.1564874753729243, 0.1564874753729243, 0.15676892766676048, 0.15817618913594145, 0.15845764142977764, 0.15873909372361386, 0.15902054601745005, 0.15930199831128625, 0.15986490289895863, 0.16042780748663102, 0.16042780748663102, 0.1607092597804672, 0.16042780748663102, 0.1609907120743034, 0.1609907120743034], "mean_train_score": [1.0, 1.0, 1.0, 1.0, 1.0, 1.0, 1.0, 1.0, 1.0, 1.0, 1.0, 1.0, 1.0, 1.0, 1.0, 1.0, 1.0, 1.0, 1.0, 1.0], "param_weights": ["distance", "distance", "distance", "distance", "distance", "distance", "distance", "distance", "distance", "distance", "distance", "distance", "distance", "distance", "distance", "distance", "distance", "distance", "distance", "distance"], "split1_test_score": [0.20934158694428812, 0.2782779966235228, 0.29572312886888014, 0.2965672481710748, 0.3081035453010692, 0.32583005064715814, 0.34074282498593134, 0.3477771525042206, 0.3545301069217783, 0.36015756893640966, 0.3674732695554305, 0.37366347777152503, 0.37760270118176703, 0.38154192459200903, 0.3846370287000563, 0.3871693866066404, 0.3885762521102983, 0.3908272369161508, 0.39307822172200335, 0.3947664603263928]}