{"std_train_score": [0.0, 0.0, 0.0, 0.0, 0.0, 0.0, 0.0, 0.0, 0.0, 0.0, 0.0, 0.0, 0.0, 0.0, 0.0, 0.0, 0.0, 0.0, 0.0, 0.0], "split4_test_score": [0.8660287081339713, 0.8660287081339713, 0.8660287081339713, 0.8660287081339713, 0.8660287081339713, 0.8660287081339713, 0.8660287081339713, 0.8660287081339713, 0.8660287081339713, 0.8660287081339713, 0.8660287081339713, 0.8660287081339713, 0.8660287081339713, 0.8660287081339713, 0.8660287081339713, 0.8660287081339713, 0.8660287081339713, 0.8660287081339713, 0.8660287081339713, 0.8660287081339713], "rank_test_score": [20, 19, 18, 17, 16, 15, 14, 13, 12, 11, 10, 9, 8, 7, 6, 5, 4, 3, 2, 1], "param_n_neighbors": [2, 3, 4, 5, 6, 7, 8, 9, 10, 11, 12, 13, 14, 15, 16, 17, 18, 19, 20, 21], "split2_train_score": [1.0, 1.0, 1.0, 1.0, 1.0, 1.0, 1.0, 1.0, 1.0, 1.0, 1.0, 1.0, 1.0, 1.0, 1.0, 1.0, 1.0, 1.0, 1.0, 1.0], "std_score_time": [0.006211377509831931, 0.009630202107392604, 0.0067914655884374455, 0.005288852706379491, 0.0037391182358210194, 0.008804611918114784, 0.00346386734590833, 0.011501835755197844, 0.009149968522161463, 0.009031935187074375, 0.009301808485354375, 0.011023824159212756, 0.010692393880544057, 0.006101642834293347, 0.005170001923425959, 0.0030394535907621277, 0.005184484692912809, 0.013836430462677981, 0.013438874628051021, 0.008129165954774737], "split4_train_score": [1.0, 1.0, 1.0, 1.0, 1.0, 1.0, 1.0, 1.0, 1.0, 1.0, 1.0, 1.0, 1.0, 1.0, 1.0, 1.0, 1.0, 1.0, 1.0, 1.0], "split2_test_score": [0.06529693216999718, 0.07599211933577259, 0.0757106670419364, 0.08246552209400507, 0.0914719954967633, 0.09344216155361666, 0.09344216155361666, 0.0965381367858148, 0.10019701660568534, 0.1018857303687025, 0.10357444413171968, 0.10638896707008162, 0.10892203771460737, 0.10976639459611595, 0.11229946524064172, 0.13734871939206306, 0.15817618913594145, 0.17450042217844075, 0.18716577540106952, 0.20011258091753448], "mean_score_time": [0.1555002212524414, 0.15359797477722167, 0.1483367919921875, 0.15560426712036132, 0.14954218864440919, 0.15622978210449218, 0.15576443672180176, 0.14775123596191406, 0.1702047348022461, 0.15611562728881836, 0.1637040138244629, 0.16729822158813476, 0.1632002830505371, 0.15088458061218263, 0.1568995475769043, 0.16124224662780762, 0.16068177223205565, 0.16364774703979493, 0.16899805068969725, 0.17991199493408203], "mean_fit_time": [0.6837899684906006, 0.6950421810150147, 0.7046653747558593, 0.6809459686279297, 0.69553542137146, 0.6797616004943847, 0.7000820636749268, 0.6880343914031982, 0.7031732559204101, 0.705821180343628, 0.6809762001037598, 0.6884287834167481, 0.7089131355285645, 0.6880265235900879, 0.6853884220123291, 0.7294454097747802, 0.6940348148345947, 0.7193648338317871, 0.6979183197021485, 0.6739301204681396], "split3_train_score": [1.0, 1.0, 1.0, 1.0, 1.0, 1.0, 1.0, 1.0, 1.0, 1.0, 1.0, 1.0, 1.0, 1.0, 1.0, 1.0, 1.0, 1.0, 1.0, 1.0], "split0_train_score": [1.0, 1.0, 1.0, 1.0, 1.0, 1.0, 1.0, 1.0, 1.0, 1.0, 1.0, 1.0, 1.0, 1.0, 1.0, 1.0, 1.0, 1.0, 1.0, 1.0], "std_test_score": [0.35835358119855976, 0.347504522839619, 0.34557562326005475, 0.3440653978416445, 0.3410660353674554, 0.33888680170398966, 0.33784183608742774, 0.3365434615964212, 0.3350731049175813, 0.3341914448522721, 0.33341738912232843, 0.3324827605462955, 0.3315353374679112, 0.3309477315208855, 0.3300455073164305, 0.32442023919348584, 0.31990155237167245, 0.3163849218461155, 0.3137486444788824, 0.310993183117829], "split1_train_score": [1.0, 1.0, 1.0, 1.0, 1.0, 1.0, 1.0, 1.0, 1.0, 1.0, 1.0, 1.0, 1.0, 1.0, 1.0, 1.0, 1.0, 1.0, 1.0, 1.0], "split0_test_score": [0.8658227848101265, 0.8658227848101265, 0.8658227848101265, 0.8658227848101265, 0.8658227848101265, 0.8658227848101265, 0.8658227848101265, 0.8658227848101265, 0.8658227848101265, 0.8658227848101265, 0.8658227848101265, 0.8658227848101265, 0.8658227848101265, 0.8658227848101265, 0.8658227848101265, 0.8658227848101265, 0.8658227848101265, 0.8658227848101265, 0.8658227848101265, 0.8658227848101265], "mean_test_score": [0.43060558307068886, 0.44765871229176046, 0.4515420981539847, 0.4529491220171094, 0.45711391265195855, 0.46127870328680776, 0.4640364700585322, 0.46617514633048174, 0.46842638451148133, 0.470058532192706, 0.47129671319225575, 0.4730414227825304, 0.47456100855470507, 0.47568662764520486, 0.4770936515083296, 0.48260918505177847, 0.48728050427735253, 0.4910513282305268, 0.4939779378658262, 0.4970733903647006], "param_n_jobs": [-1, -1, -1, -1, -1, -1, -1, -1, -1, -1, -1, -1, -1, -1, -1, -1, -1, -1, -1, -1], "params": [{"n_neighbors": 2, "n_jobs": -1, "weights": "distance"}, {"n_neighbors": 3, "n_jobs": -1, "weights": "distance"}, {"n_neighbors": 4, "n_jobs": -1, "weights": "distance"}, {"n_neighbors": 5, "n_jobs": -1, "weights": "distance"}, {"n_neighbors": 6, "n_jobs": -1, "weights": "distance"}, {"n_neighbors": 7, "n_jobs": -1, "weights": "distance"}, {"n_neighbors": 8, "n_jobs": -1, "weights": "distance"}, {"n_neighbors": 9, "n_jobs": -1, "weights": "distance"}, {"n_neighbors": 10, "n_jobs": -1, "weights": "distance"}, {"n_neighbors": 11, "n_jobs": -1, "weights": "distance"}, {"n_neighbors": 12, "n_jobs": -1, "weights": "distance"}, {"n_neighbors": 13, "n_jobs": -1, "weights": "distance"}, {"n_neighbors": 14, "n_jobs": -1, "weights": "distance"}, {"n_neighbors": 15, "n_jobs": -1, "weights": "distance"}, {"n_neighbors": 16, "n_jobs": -1, "weights": "distance"}, {"n_neighbors": 17, "n_jobs": -1, "weights": "distance"}, {"n_neighbors": 18, "n_jobs": -1, "weights": "distance"}, {"n_neighbors": 19, "n_jobs": -1, "weights": "distance"}, {"n_neighbors": 20, "n_jobs": -1, "weights": "distance"}, {"n_neighbors": 21, "n_jobs": -1, "weights": "distance"}], "std_fit_time": [0.016412334368674588, 0.029029351563961178, 0.032436996796225644, 0.016104682131692805, 0.02813930079518567, 0.019316686611881895, 0.023105372296002475, 0.026580771100084645, 0.02565442845339426, 0.026678929635335955, 0.01825781694433953, 0.035299025191273294, 0.02515045750566777, 0.022206648103339704, 0.04217228193031681, 0.04227555708813118, 0.030269360205764817, 0.035179995351671066, 0.025159863949746158, 0.01703861941825803], "split3_test_score": [0.14748100197016606, 0.15339150014072614, 0.15508021390374332, 0.15536166619757952, 0.15536166619757952, 0.15705037996059668, 0.15676892766676048, 0.15733183225443287, 0.15845764142977764, 0.15902054601745005, 0.15986490289895863, 0.15930199831128625, 0.15986490289895863, 0.1607092597804672, 0.1612721643681396, 0.1615536166619758, 0.1615536166619758, 0.16183506895581198, 0.16183506895581198, 0.16239797354348437], "mean_train_score": [1.0, 1.0, 1.0, 1.0, 1.0, 1.0, 1.0, 1.0, 1.0, 1.0, 1.0, 1.0, 1.0, 1.0, 1.0, 1.0, 1.0, 1.0, 1.0, 1.0], "param_weights": ["distance", "distance", "distance", "distance", "distance", "distance", "distance", "distance", "distance", "distance", "distance", "distance", "distance", "distance", "distance", "distance", "distance", "distance", "distance", "distance"], "split1_test_score": [0.20821609454136183, 0.27687113111986494, 0.29487900956668545, 0.29487900956668545, 0.3066966797974114, 0.32386043894203714, 0.33792909397861565, 0.3449634214969049, 0.351435002813731, 0.35734383792909397, 0.3610016882386044, 0.3674732695554305, 0.3719752391671356, 0.3759144625773776, 0.3798536859876196, 0.38210467079347216, 0.3846370287000563, 0.38688801350590885, 0.38885762521102984, 0.3908272369161508]}