{"std_train_score": [0.0, 0.0, 0.0, 0.0, 0.0, 0.0, 0.0, 0.0, 0.0, 0.0, 0.0, 0.0, 0.0, 0.0, 0.0, 0.0, 0.0, 0.0, 0.0, 0.0], "split4_test_score": [0.9476498733464678, 0.9575007036307346, 0.9572192513368984, 0.9575007036307346, 0.9575007036307346, 0.9586265128060794, 0.958063608218407, 0.9583450605122432, 0.9575007036307346, 0.9583450605122432, 0.9575007036307346, 0.9577821559245708, 0.9575007036307346, 0.9577821559245708, 0.9572192513368984, 0.9569377990430622, 0.9569377990430622, 0.9569377990430622, 0.9569377990430622, 0.9569377990430622], "rank_test_score": [20, 19, 17, 18, 16, 15, 13, 14, 12, 11, 8, 7, 4, 10, 9, 3, 6, 4, 1, 1], "param_n_neighbors": [2, 3, 4, 5, 6, 7, 8, 9, 10, 11, 12, 13, 14, 15, 16, 17, 18, 19, 20, 21], "split2_train_score": [1.0, 1.0, 1.0, 1.0, 1.0, 1.0, 1.0, 1.0, 1.0, 1.0, 1.0, 1.0, 1.0, 1.0, 1.0, 1.0, 1.0, 1.0, 1.0, 1.0], "std_score_time": [0.012884607466647015, 0.018892733129267047, 0.04538881655678954, 0.02687772957875755, 0.02719794363443146, 0.02917955134464816, 0.018100100621598926, 0.06386734588989794, 0.04496376944698764, 0.02270473360683841, 0.04230973679051628, 0.05798923027060772, 0.07843225569393078, 0.05145581216214974, 0.07517134193614565, 0.05493300896722673, 0.0644692890988571, 0.058341174993298266, 0.06968663327059998, 0.03716713320871317], "split4_train_score": [1.0, 1.0, 1.0, 1.0, 1.0, 1.0, 1.0, 1.0, 1.0, 1.0, 1.0, 1.0, 1.0, 1.0, 1.0, 1.0, 1.0, 1.0, 1.0, 1.0], "split2_test_score": [0.914719954967633, 0.9271038558964255, 0.9259780467210807, 0.9287925696594427, 0.9285111173656065, 0.9327329017731495, 0.9324514494793132, 0.9307627357162961, 0.933577258654658, 0.9338587109484943, 0.9347030678300028, 0.9344216155361666, 0.93639178159302, 0.9355474247115114, 0.9369546861806923, 0.9394877568252181, 0.9386433999437095, 0.9397692091190544, 0.9431466366450887, 0.9437095412327611], "mean_score_time": [0.1443039894104004, 0.1372509479522705, 0.1676203727722168, 0.16988863945007324, 0.16550321578979493, 0.17852120399475097, 0.13882999420166015, 0.19645476341247559, 0.16337056159973146, 0.18393259048461913, 0.18551316261291503, 0.19068846702575684, 0.2343803882598877, 0.20917801856994628, 0.24102039337158204, 0.2024293899536133, 0.2883565902709961, 0.2250650405883789, 0.20593318939208985, 0.2641912460327148], "mean_fit_time": [0.02010207176208496, 0.016319084167480468, 0.020743179321289062, 0.032887935638427734, 0.028137874603271485, 0.03602819442749024, 0.03455023765563965, 0.021454000473022462, 0.030487775802612305, 0.0247525691986084, 0.03091540336608887, 0.02028498649597168, 0.03424544334411621, 0.02440218925476074, 0.01975674629211426, 0.04096121788024902, 0.024640417098999022, 0.027588605880737305, 0.0332277774810791, 0.0369626522064209], "split3_train_score": [1.0, 1.0, 1.0, 1.0, 1.0, 1.0, 1.0, 1.0, 1.0, 1.0, 1.0, 1.0, 1.0, 1.0, 1.0, 1.0, 1.0, 1.0, 1.0, 1.0], "split0_train_score": [1.0, 1.0, 1.0, 1.0, 1.0, 1.0, 1.0, 1.0, 1.0, 1.0, 1.0, 1.0, 1.0, 1.0, 1.0, 1.0, 1.0, 1.0, 1.0, 1.0], "std_test_score": [0.014320834538737278, 0.01333391446433493, 0.014178789596604888, 0.012639700626730921, 0.013233388558256131, 0.011825863316022284, 0.012594221846810102, 0.012876607555186376, 0.01225237415704706, 0.012477739904178905, 0.012299183646396428, 0.012591479893741516, 0.011742107198996933, 0.011989246234483502, 0.011420388489243743, 0.010647833524116631, 0.010896495981363701, 0.010466234819759761, 0.009178831925777262, 0.009088448728698918], "split1_train_score": [1.0, 1.0, 1.0, 1.0, 1.0, 1.0, 1.0, 1.0, 1.0, 1.0, 1.0, 1.0, 1.0, 1.0, 1.0, 1.0, 1.0, 1.0, 1.0, 1.0], "split0_test_score": [0.9549929676511955, 0.959493670886076, 0.960056258790436, 0.9569620253164557, 0.9583684950773559, 0.9578059071729957, 0.9589310829817159, 0.9586497890295359, 0.9589310829817159, 0.9586497890295359, 0.9586497890295359, 0.9583684950773559, 0.9583684950773559, 0.9572433192686357, 0.9569620253164557, 0.9563994374120957, 0.9563994374120957, 0.9566807313642757, 0.9566807313642757, 0.9561181434599156], "mean_test_score": [0.9424808644754615, 0.9535682125168843, 0.9539621791985592, 0.9536244934714093, 0.9544124268347591, 0.9556506078343089, 0.9565511031067087, 0.9557068887888338, 0.9567762269248087, 0.9573390364700586, 0.9575078793336335, 0.9576204412426835, 0.9578455650607834, 0.9573953174245835, 0.9574515983791085, 0.9579018460153084, 0.9576767221972085, 0.9578455650607834, 0.9584083746060333, 0.9584083746060333], "param_n_jobs": [-1, -1, -1, -1, -1, -1, -1, -1, -1, -1, -1, -1, -1, -1, -1, -1, -1, -1, -1, -1], "params": [{"n_neighbors": 2, "n_jobs": -1, "weights": "distance"}, {"n_neighbors": 3, "n_jobs": -1, "weights": "distance"}, {"n_neighbors": 4, "n_jobs": -1, "weights": "distance"}, {"n_neighbors": 5, "n_jobs": -1, "weights": "distance"}, {"n_neighbors": 6, "n_jobs": -1, "weights": "distance"}, {"n_neighbors": 7, "n_jobs": -1, "weights": "distance"}, {"n_neighbors": 8, "n_jobs": -1, "weights": "distance"}, {"n_neighbors": 9, "n_jobs": -1, "weights": "distance"}, {"n_neighbors": 10, "n_jobs": -1, "weights": "distance"}, {"n_neighbors": 11, "n_jobs": -1, "weights": "distance"}, {"n_neighbors": 12, "n_jobs": -1, "weights": "distance"}, {"n_neighbors": 13, "n_jobs": -1, "weights": "distance"}, {"n_neighbors": 14, "n_jobs": -1, "weights": "distance"}, {"n_neighbors": 15, "n_jobs": -1, "weights": "distance"}, {"n_neighbors": 16, "n_jobs": -1, "weights": "distance"}, {"n_neighbors": 17, "n_jobs": -1, "weights": "distance"}, {"n_neighbors": 18, "n_jobs": -1, "weights": "distance"}, {"n_neighbors": 19, "n_jobs": -1, "weights": "distance"}, {"n_neighbors": 20, "n_jobs": -1, "weights": "distance"}, {"n_neighbors": 21, "n_jobs": -1, "weights": "distance"}], "std_fit_time": [0.004635831259086344, 0.0021769521155682882, 0.007868112332116138, 0.02276000611356149, 0.019864183379562833, 0.031019571507525445, 0.030512238476587752, 0.0048327702506071, 0.00736330136502087, 0.010428934610910543, 0.01020286006178412, 0.007863851805110723, 0.03308416603127889, 0.015715805180603806, 0.004417104661470739, 0.019781859608227245, 0.0052317235007684456, 0.007090806256409621, 0.0248776812667933, 0.02259541121309175], "split3_test_score": [0.950745848578666, 0.9622853926259499, 0.9639741063889671, 0.9617224880382775, 0.9628482972136223, 0.9656628201519842, 0.9670700816211653, 0.966788629327329, 0.9676329862088376, 0.9673515339150014, 0.9679144385026738, 0.9670700816211653, 0.9673515339150014, 0.9662257247396566, 0.9662257247396566, 0.9665071770334929, 0.9662257247396566, 0.9650999155643118, 0.9650999155643118, 0.9645370109766395], "mean_train_score": [1.0, 1.0, 1.0, 1.0, 1.0, 1.0, 1.0, 1.0, 1.0, 1.0, 1.0, 1.0, 1.0, 1.0, 1.0, 1.0, 1.0, 1.0, 1.0, 1.0], "param_weights": ["distance", "distance", "distance", "distance", "distance", "distance", "distance", "distance", "distance", "distance", "distance", "distance", "distance", "distance", "distance", "distance", "distance", "distance", "distance", "distance"], "split1_test_score": [0.9442881260551491, 0.9614518851997749, 0.9625773776027012, 0.9631401238041644, 0.9648283624085537, 0.9634214969048959, 0.9662352279122116, 0.963984243106359, 0.9662352279122116, 0.9684862127180641, 0.9687675858187957, 0.9704558244231851, 0.9696117051209905, 0.9701744513224536, 0.969893078221722, 0.9701744513224536, 0.9701744513224536, 0.9707371975239167, 0.9701744513224536, 0.9707371975239167]}