{"std_train_score": [0.0, 0.0, 0.0, 0.0, 0.0, 0.0, 0.0, 0.0, 0.0, 0.0, 0.0, 0.0, 0.0, 0.0, 0.0, 0.0, 0.0, 0.0, 0.0, 0.0], "split4_test_score": [0.9487756825218125, 0.9586265128060794, 0.9583450605122432, 0.9586265128060794, 0.9586265128060794, 0.9597523219814241, 0.9591894173937517, 0.959470869687588, 0.9586265128060794, 0.959470869687588, 0.9586265128060794, 0.9589079650999156, 0.9586265128060794, 0.9589079650999156, 0.9583450605122432, 0.958063608218407, 0.958063608218407, 0.958063608218407, 0.958063608218407, 0.958063608218407], "rank_test_score": [20, 19, 17, 18, 16, 15, 13, 14, 12, 7, 1, 3, 1, 10, 10, 7, 5, 5, 3, 7], "param_n_neighbors": [2, 3, 4, 5, 6, 7, 8, 9, 10, 11, 12, 13, 14, 15, 16, 17, 18, 19, 20, 21], "split2_train_score": [1.0, 1.0, 1.0, 1.0, 1.0, 1.0, 1.0, 1.0, 1.0, 1.0, 1.0, 1.0, 1.0, 1.0, 1.0, 1.0, 1.0, 1.0, 1.0, 1.0], "std_score_time": [0.010305122764010619, 0.01516836967349857, 0.03199409118102095, 0.04419137198433295, 0.016322463003609747, 0.040083311920768375, 0.045072512786239284, 0.016620573988489793, 0.08616368807864977, 0.027305147588185308, 0.04880697809739743, 0.06268444823659813, 0.05838395396434675, 0.056227012973244145, 0.05553345892228174, 0.06452180293257588, 0.07412835068483711, 0.04196919737115698, 0.040889541033905734, 0.07181912460300334], "split4_train_score": [1.0, 1.0, 1.0, 1.0, 1.0, 1.0, 1.0, 1.0, 1.0, 1.0, 1.0, 1.0, 1.0, 1.0, 1.0, 1.0, 1.0, 1.0, 1.0, 1.0], "split2_test_score": [0.9411930219471019, 0.9513224535734384, 0.9518851997749015, 0.9558244231851435, 0.9561057962858751, 0.9603263927968486, 0.9603263927968486, 0.9597636465953855, 0.9608891389983117, 0.9603263927968486, 0.9614518851997749, 0.960045019696117, 0.9603263927968486, 0.9606077658975802, 0.9611705120990434, 0.9617332583005065, 0.962014631401238, 0.9622960045019696, 0.9628587507034327, 0.9631401238041644], "mean_score_time": [0.15421619415283203, 0.14388465881347656, 0.13849382400512694, 0.16633729934692382, 0.17767758369445802, 0.18088946342468262, 0.22017822265625, 0.15224356651306153, 0.22221145629882813, 0.17600016593933104, 0.19839015007019042, 0.2170858860015869, 0.20037479400634767, 0.23217134475708007, 0.25711398124694823, 0.2099757194519043, 0.22998580932617188, 0.29526920318603517, 0.21802887916564942, 0.2320702075958252], "mean_fit_time": [0.024257802963256837, 0.01834716796875, 0.03809199333190918, 0.03066277503967285, 0.032003355026245114, 0.04342770576477051, 0.0231781005859375, 0.0323430061340332, 0.028512954711914062, 0.030462884902954103, 0.027916383743286134, 0.04816217422485351, 0.02023282051086426, 0.04214277267456055, 0.03400940895080566, 0.023941898345947267, 0.02645077705383301, 0.018529367446899415, 0.02101435661315918, 0.021312379837036134], "split3_train_score": [1.0, 1.0, 1.0, 1.0, 1.0, 1.0, 1.0, 1.0, 1.0, 1.0, 1.0, 1.0, 1.0, 1.0, 1.0, 1.0, 1.0, 1.0, 1.0, 1.0], "split0_train_score": [1.0, 1.0, 1.0, 1.0, 1.0, 1.0, 1.0, 1.0, 1.0, 1.0, 1.0, 1.0, 1.0, 1.0, 1.0, 1.0, 1.0, 1.0, 1.0, 1.0], "std_test_score": [0.005189239353162203, 0.004748171960752627, 0.005023971286592365, 0.0036408766946361367, 0.003805005686723224, 0.002695053123187268, 0.0032161042819389084, 0.003072844900797557, 0.0036279277987490643, 0.003996913877745368, 0.004232886555659555, 0.00482074174881635, 0.004800851520263458, 0.00478460947316006, 0.004873203288864748, 0.005132212650239988, 0.005118663666850416, 0.005094273389633148, 0.004960595577881639, 0.005148246090697577], "split1_train_score": [1.0, 1.0, 1.0, 1.0, 1.0, 1.0, 1.0, 1.0, 1.0, 1.0, 1.0, 1.0, 1.0, 1.0, 1.0, 1.0, 1.0, 1.0, 1.0, 1.0], "split0_test_score": [0.9561057962858751, 0.9603263927968486, 0.9611705120990434, 0.9580754079909961, 0.9597636465953855, 0.9592009003939224, 0.960045019696117, 0.9597636465953855, 0.960045019696117, 0.9597636465953855, 0.9597636465953855, 0.9594822734946539, 0.9594822734946539, 0.9586381541924592, 0.9583567810917276, 0.9577940348902645, 0.9577940348902645, 0.9580754079909961, 0.9580754079909961, 0.9575126617895329], "mean_test_score": [0.950303917154435, 0.959702836560108, 0.9603782080144079, 0.960321927059883, 0.9611098604232328, 0.9618415128320577, 0.9624606033318325, 0.9620666366501576, 0.9627420081044574, 0.9630796938316074, 0.9633048176497073, 0.9632485366951824, 0.9633048176497073, 0.9630234128770824, 0.9630234128770824, 0.9630796938316074, 0.9631359747861323, 0.9631359747861323, 0.9632485366951824, 0.9630796938316074], "param_n_jobs": [-1, -1, -1, -1, -1, -1, -1, -1, -1, -1, -1, -1, -1, -1, -1, -1, -1, -1, -1, -1], "params": [{"n_neighbors": 2, "n_jobs": -1, "weights": "distance"}, {"n_neighbors": 3, "n_jobs": -1, "weights": "distance"}, {"n_neighbors": 4, "n_jobs": -1, "weights": "distance"}, {"n_neighbors": 5, "n_jobs": -1, "weights": "distance"}, {"n_neighbors": 6, "n_jobs": -1, "weights": "distance"}, {"n_neighbors": 7, "n_jobs": -1, "weights": "distance"}, {"n_neighbors": 8, "n_jobs": -1, "weights": "distance"}, {"n_neighbors": 9, "n_jobs": -1, "weights": "distance"}, {"n_neighbors": 10, "n_jobs": -1, "weights": "distance"}, {"n_neighbors": 11, "n_jobs": -1, "weights": "distance"}, {"n_neighbors": 12, "n_jobs": -1, "weights": "distance"}, {"n_neighbors": 13, "n_jobs": -1, "weights": "distance"}, {"n_neighbors": 14, "n_jobs": -1, "weights": "distance"}, {"n_neighbors": 15, "n_jobs": -1, "weights": "distance"}, {"n_neighbors": 16, "n_jobs": -1, "weights": "distance"}, {"n_neighbors": 17, "n_jobs": -1, "weights": "distance"}, {"n_neighbors": 18, "n_jobs": -1, "weights": "distance"}, {"n_neighbors": 19, "n_jobs": -1, "weights": "distance"}, {"n_neighbors": 20, "n_jobs": -1, "weights": "distance"}, {"n_neighbors": 21, "n_jobs": -1, "weights": "distance"}], "std_fit_time": [0.006032931349741941, 0.0006038071766734539, 0.019808547193209305, 0.018521039988290824, 0.012866402117694981, 0.026843748704304483, 0.009441615237704622, 0.009327316561104457, 0.005946424466106853, 0.010967509744206514, 0.010468919194472192, 0.02768174134644613, 0.004997005403257291, 0.027823003226255097, 0.017506813439566993, 0.0063570329735127854, 0.0039184710329780836, 0.005181926138560218, 0.004566922542764568, 0.0036571487950693786], "split3_test_score": [0.9541232761047003, 0.9650999155643118, 0.9662257247396566, 0.9656628201519842, 0.9659442724458205, 0.9662257247396566, 0.9662257247396566, 0.9670700816211653, 0.9676329862088376, 0.9670700816211653, 0.9676329862088376, 0.966788629327329, 0.9676329862088376, 0.9659442724458205, 0.9665071770334929, 0.966788629327329, 0.966788629327329, 0.9656628201519842, 0.9662257247396566, 0.9650999155643118], "mean_train_score": [1.0, 1.0, 1.0, 1.0, 1.0, 1.0, 1.0, 1.0, 1.0, 1.0, 1.0, 1.0, 1.0, 1.0, 1.0, 1.0, 1.0, 1.0, 1.0, 1.0], "param_weights": ["distance", "distance", "distance", "distance", "distance", "distance", "distance", "distance", "distance", "distance", "distance", "distance", "distance", "distance", "distance", "distance", "distance", "distance", "distance", "distance"], "split1_test_score": [0.9513224535734384, 0.9631401238041644, 0.9642656162070906, 0.9634214969048959, 0.9651097355092854, 0.9637028700056275, 0.9665166010129431, 0.9642656162070906, 0.9665166010129431, 0.9687675858187957, 0.9690489589195272, 0.9710185706246482, 0.9704558244231851, 0.9710185706246482, 0.9707371975239167, 0.9710185706246482, 0.9710185706246482, 0.9715813168261114, 0.9710185706246482, 0.9715813168261114]}