{"std_train_score": [0.0, 0.0, 0.0, 0.0, 0.0, 0.0, 0.0, 0.0, 0.0, 0.0, 0.0, 0.0, 0.0, 0.0, 0.0, 0.0, 0.0, 0.0, 0.0, 0.0], "split4_test_score": [0.07431192660550459, 0.09724770642201835, 0.13394495412844037, 0.1651376146788991, 0.3889908256880734, 0.5128440366972477, 0.5853211009174312, 0.6293577981651376, 0.6541284403669725, 0.6752293577981652, 0.6944954128440367, 0.7091743119266055, 0.7201834862385321, 0.7293577981651376, 0.7385321100917431, 0.744954128440367, 0.7513761467889908, 0.7559633027522936, 0.7587155963302752, 0.7642201834862385], "rank_test_score": [20, 19, 18, 17, 16, 15, 14, 13, 12, 11, 10, 9, 8, 7, 6, 5, 4, 3, 2, 1], "param_n_neighbors": [2, 3, 4, 5, 6, 7, 8, 9, 10, 11, 12, 13, 14, 15, 16, 17, 18, 19, 20, 21], "split2_train_score": [1.0, 1.0, 1.0, 1.0, 1.0, 1.0, 1.0, 1.0, 1.0, 1.0, 1.0, 1.0, 1.0, 1.0, 1.0, 1.0, 1.0, 1.0, 1.0, 1.0], "std_score_time": [0.0066963244156109936, 0.010016574190221856, 0.0067206154231785765, 0.005936738213405718, 0.0045343726507411815, 0.002709961713602034, 0.001177754955760978, 0.002588638643925292, 0.002798510396041097, 0.00798051326666275, 0.006523630748844391, 0.003439660524471476, 0.002322659421965176, 0.003128385373386678, 0.0026993443049811295, 0.004023397235423307, 0.00603352721798443, 0.002105078829578643, 0.005236627426852306, 0.006302781792415273], "split4_train_score": [1.0, 1.0, 1.0, 1.0, 1.0, 1.0, 1.0, 1.0, 1.0, 1.0, 1.0, 1.0, 1.0, 1.0, 1.0, 1.0, 1.0, 1.0, 1.0, 1.0], "split2_test_score": [0.013723696248856358, 0.01463860933211345, 0.06678865507776761, 0.0686184812442818, 0.06953339432753888, 0.0677035681610247, 0.0686184812442818, 0.07044830741079597, 0.07044830741079597, 0.07136322049405307, 0.07227813357731015, 0.07227813357731015, 0.07410795974382434, 0.07502287282708142, 0.07502287282708142, 0.07410795974382434, 0.07502287282708142, 0.07502287282708142, 0.07502287282708142, 0.07502287282708142], "mean_score_time": [0.1393357753753662, 0.13992533683776856, 0.13791317939758302, 0.13684163093566895, 0.13790225982666016, 0.13438014984130858, 0.13476114273071288, 0.13603782653808594, 0.13502559661865235, 0.1444075584411621, 0.14232678413391114, 0.13387904167175294, 0.134765625, 0.1359541416168213, 0.13710222244262696, 0.13513703346252443, 0.13868284225463867, 0.1372446060180664, 0.1400531768798828, 0.1390017032623291], "mean_fit_time": [0.08162083625793456, 0.08178343772888183, 0.07627415657043457, 0.07747035026550293, 0.07823801040649414, 0.07742400169372558, 0.07270622253417969, 0.0731043815612793, 0.04842538833618164, 0.07710866928100586, 0.06890439987182617, 0.04475760459899902, 0.05050058364868164, 0.04490165710449219, 0.05407395362854004, 0.06211080551147461, 0.07077174186706543, 0.049379396438598636, 0.05162382125854492, 0.06156244277954102], "split3_train_score": [1.0, 1.0, 1.0, 1.0, 1.0, 1.0, 1.0, 1.0, 1.0, 1.0, 1.0, 1.0, 1.0, 1.0, 1.0, 1.0, 1.0, 1.0, 1.0, 1.0], "split0_train_score": [1.0, 1.0, 1.0, 1.0, 1.0, 1.0, 1.0, 1.0, 1.0, 1.0, 1.0, 1.0, 1.0, 1.0, 1.0, 1.0, 1.0, 1.0, 1.0, 1.0], "std_test_score": [0.0223430809670702, 0.03013008137343125, 0.04056617692995745, 0.051924365503800994, 0.13864285353062794, 0.18741726139990694, 0.2157722131707788, 0.23222943837522078, 0.24024928652886546, 0.24800196730115057, 0.2552471600636209, 0.26070788135009254, 0.26505792127632044, 0.2680576437169873, 0.2713557824220791, 0.2733341727110755, 0.2757209576024106, 0.27657600904603896, 0.27662649385502447, 0.2754210436893544], "split1_train_score": [1.0, 1.0, 1.0, 1.0, 1.0, 1.0, 1.0, 1.0, 1.0, 1.0, 1.0, 1.0, 1.0, 1.0, 1.0, 1.0, 1.0, 1.0, 1.0, 1.0], "split0_test_score": [0.025547445255474453, 0.030109489051094892, 0.032846715328467155, 0.032846715328467155, 0.035583941605839414, 0.037408759124087594, 0.03832116788321168, 0.04105839416058394, 0.04470802919708029, 0.048357664233576646, 0.05200729927007299, 0.051094890510948905, 0.05291970802919708, 0.05474452554744526, 0.05656934306569343, 0.058394160583941604, 0.05748175182481752, 0.060218978102189784, 0.06113138686131387, 0.06204379562043796], "mean_test_score": [0.030186608122941824, 0.03768752286864252, 0.05799487742407611, 0.0654957921697768, 0.11251372118551042, 0.13812660080497619, 0.15367727771679474, 0.16465422612513722, 0.17325283571167216, 0.1787413099158434, 0.18349798755945848, 0.1871569703622393, 0.18953530918404685, 0.19264544456641053, 0.19520673252835713, 0.19758507135016465, 0.19923161361141603, 0.20197585071350166, 0.20453713867544823, 0.2127698499817051], "param_n_jobs": [-1, -1, -1, -1, -1, -1, -1, -1, -1, -1, -1, -1, -1, -1, -1, -1, -1, -1, -1, -1], "params": [{"n_neighbors": 2, "n_jobs": -1, "weights": "distance"}, {"n_neighbors": 3, "n_jobs": -1, "weights": "distance"}, {"n_neighbors": 4, "n_jobs": -1, "weights": "distance"}, {"n_neighbors": 5, "n_jobs": -1, "weights": "distance"}, {"n_neighbors": 6, "n_jobs": -1, "weights": "distance"}, {"n_neighbors": 7, "n_jobs": -1, "weights": "distance"}, {"n_neighbors": 8, "n_jobs": -1, "weights": "distance"}, {"n_neighbors": 9, "n_jobs": -1, "weights": "distance"}, {"n_neighbors": 10, "n_jobs": -1, "weights": "distance"}, {"n_neighbors": 11, "n_jobs": -1, "weights": "distance"}, {"n_neighbors": 12, "n_jobs": -1, "weights": "distance"}, {"n_neighbors": 13, "n_jobs": -1, "weights": "distance"}, {"n_neighbors": 14, "n_jobs": -1, "weights": "distance"}, {"n_neighbors": 15, "n_jobs": -1, "weights": "distance"}, {"n_neighbors": 16, "n_jobs": -1, "weights": "distance"}, {"n_neighbors": 17, "n_jobs": -1, "weights": "distance"}, {"n_neighbors": 18, "n_jobs": -1, "weights": "distance"}, {"n_neighbors": 19, "n_jobs": -1, "weights": "distance"}, {"n_neighbors": 20, "n_jobs": -1, "weights": "distance"}, {"n_neighbors": 21, "n_jobs": -1, "weights": "distance"}], "std_fit_time": [0.01152149848407431, 0.008046263876737488, 0.004307207582502841, 0.004906464398806223, 0.0026535742965075513, 0.002875200945699659, 0.004933991320924572, 0.004806212397032316, 0.013528000203039889, 0.01139334278042502, 0.016001912093791152, 0.008015904803480274, 0.011570286150611578, 0.007193887682299646, 0.009581037532472697, 0.003810350691348068, 0.009312710840288752, 0.0069826150077901775, 0.005227090792158853, 0.006149246642573208], "split3_test_score": [0.018315018315018316, 0.022893772893772892, 0.03021978021978022, 0.03663003663003663, 0.037545787545787544, 0.04212454212454213, 0.04487179487179487, 0.048534798534798536, 0.05952380952380952, 0.05952380952380952, 0.06043956043956044, 0.06135531135531135, 0.06135531135531135, 0.06227106227106227, 0.0641025641025641, 0.06593406593406594, 0.06684981684981685, 0.06684981684981685, 0.06776556776556776, 0.07051282051282051], "mean_train_score": [1.0, 1.0, 1.0, 1.0, 1.0, 1.0, 1.0, 1.0, 1.0, 1.0, 1.0, 1.0, 1.0, 1.0, 1.0, 1.0, 1.0, 1.0, 1.0, 1.0], "param_weights": ["distance", "distance", "distance", "distance", "distance", "distance", "distance", "distance", "distance", "distance", "distance", "distance", "distance", "distance", "distance", "distance", "distance", "distance", "distance", "distance"], "split1_test_score": [0.019178082191780823, 0.023744292237442923, 0.026484018264840183, 0.024657534246575342, 0.0319634703196347, 0.0319634703196347, 0.03287671232876712, 0.03561643835616438, 0.039269406392694065, 0.0410958904109589, 0.04018264840182648, 0.043835616438356165, 0.0410958904109589, 0.043835616438356165, 0.043835616438356165, 0.04657534246575343, 0.047488584474885846, 0.053881278538812784, 0.062100456621004566, 0.09406392694063927]}