{"std_train_score": [0.0, 0.0, 0.0, 0.0, 0.0, 0.0, 0.0, 0.0, 0.0, 0.0, 0.0, 0.0, 0.0, 0.0, 0.0, 0.0, 0.0, 0.0, 0.0, 0.0], "split4_test_score": [0.07169117647058823, 0.09558823529411764, 0.1323529411764706, 0.1645220588235294, 0.27389705882352944, 0.29503676470588236, 0.3069852941176471, 0.3382352941176471, 0.3630514705882353, 0.37775735294117646, 0.3851102941176471, 0.4053308823529412, 0.4329044117647059, 0.4724264705882353, 0.5064338235294118, 0.5349264705882353, 0.5597426470588235, 0.5827205882352942, 0.5983455882352942, 0.6130514705882353], "rank_test_score": [20, 19, 18, 17, 16, 15, 14, 13, 12, 11, 10, 9, 8, 7, 6, 5, 4, 3, 2, 1], "param_n_neighbors": [2, 3, 4, 5, 6, 7, 8, 9, 10, 11, 12, 13, 14, 15, 16, 17, 18, 19, 20, 21], "split2_train_score": [1.0, 1.0, 1.0, 1.0, 1.0, 1.0, 1.0, 1.0, 1.0, 1.0, 1.0, 1.0, 1.0, 1.0, 1.0, 1.0, 1.0, 1.0, 1.0, 1.0], "std_score_time": [0.009002419850956622, 0.009760373834579002, 0.00446085432216685, 0.009752526375811582, 0.013124819644450844, 0.008322127393441757, 0.014002472365039124, 0.002004367768286349, 0.010559523411215611, 0.002934265229705714, 0.004901721564273902, 0.004298189172996178, 0.001367588322394797, 0.003124560049354084, 0.00887244027451922, 0.0012135814014557224, 0.004705101359544202, 0.008461929833887638, 0.012121496624073374, 0.008826444202392782], "split4_train_score": [1.0, 1.0, 1.0, 1.0, 1.0, 1.0, 1.0, 1.0, 1.0, 1.0, 1.0, 1.0, 1.0, 1.0, 1.0, 1.0, 1.0, 1.0, 1.0, 1.0], "split2_test_score": [0.0768526989935956, 0.07593778591033852, 0.07502287282708142, 0.07502287282708142, 0.07502287282708142, 0.07410795974382434, 0.07410795974382434, 0.07410795974382434, 0.07410795974382434, 0.07593778591033852, 0.07593778591033852, 0.07593778591033852, 0.0768526989935956, 0.0777676120768527, 0.07593778591033852, 0.0768526989935956, 0.0768526989935956, 0.07868252516010979, 0.08051235132662397, 0.08142726440988106], "mean_score_time": [0.141685152053833, 0.13955163955688477, 0.1359246253967285, 0.14624924659729005, 0.14621739387512206, 0.14086103439331055, 0.14629054069519043, 0.13434200286865233, 0.14716296195983886, 0.13879618644714356, 0.1374460220336914, 0.13880701065063478, 0.13644957542419434, 0.13912134170532225, 0.1390223979949951, 0.14044899940490724, 0.13863282203674315, 0.14407544136047362, 0.1464369773864746, 0.14088058471679688], "mean_fit_time": [0.07800302505493165, 0.08915519714355469, 0.08809461593627929, 0.07411293983459473, 0.07826323509216308, 0.060994195938110354, 0.062078857421875, 0.051885366439819336, 0.057361602783203125, 0.06930136680603027, 0.078831148147583, 0.06935982704162598, 0.08067584037780762, 0.07959060668945313, 0.07278280258178711, 0.058153724670410155, 0.05970377922058105, 0.07062840461730957, 0.06979670524597167, 0.06321759223937988], "split3_train_score": [1.0, 1.0, 1.0, 1.0, 1.0, 1.0, 1.0, 1.0, 1.0, 1.0, 1.0, 1.0, 1.0, 1.0, 1.0, 1.0, 1.0, 1.0, 1.0, 1.0], "split0_train_score": [1.0, 1.0, 1.0, 1.0, 1.0, 1.0, 1.0, 1.0, 1.0, 1.0, 1.0, 1.0, 1.0, 1.0, 1.0, 1.0, 1.0, 1.0, 1.0, 1.0], "std_test_score": [0.023481382569710864, 0.028110507968031048, 0.039309121581540964, 0.051084317754618025, 0.09227097138295291, 0.10011043093794614, 0.10494626931085085, 0.11659206698034107, 0.1254163378510087, 0.12947040504202306, 0.13193073884629689, 0.13947116022483624, 0.1505924235364899, 0.16567195386494554, 0.17926626634845833, 0.18977463254885604, 0.19957046301426454, 0.20759245350321948, 0.21297861292001333, 0.21809535372822395], "split1_train_score": [1.0, 1.0, 1.0, 1.0, 1.0, 1.0, 1.0, 1.0, 1.0, 1.0, 1.0, 1.0, 1.0, 1.0, 1.0, 1.0, 1.0, 1.0, 1.0, 1.0], "split0_test_score": [0.028258887876025523, 0.03190519598906107, 0.03646308113035551, 0.03463992707383774, 0.03828623518687329, 0.03919781221513218, 0.03919781221513218, 0.041932543299908843, 0.04557885141294439, 0.04831358249772106, 0.05195989061075661, 0.05104831358249772, 0.05195989061075661, 0.053783044667274384, 0.05560619872379216, 0.05742935278030994, 0.056517775752051046, 0.059252506836827715, 0.0601640838650866, 0.061075660893345485], "mean_test_score": [0.045554335894621295, 0.05214050493962678, 0.06092206366630077, 0.06750823271130625, 0.09129162092938163, 0.09623124771313575, 0.09842663739480424, 0.10592755214050494, 0.11269667032564946, 0.11909989023051591, 0.12147822905232346, 0.12641785583607756, 0.13172338090010977, 0.14087083790706184, 0.14745700695206732, 0.15477497255762898, 0.15989754848152213, 0.16666666666666666, 0.17142334431028175, 0.17581412367361873], "param_n_jobs": [-1, -1, -1, -1, -1, -1, -1, -1, -1, -1, -1, -1, -1, -1, -1, -1, -1, -1, -1, -1], "params": [{"n_neighbors": 2, "n_jobs": -1, "weights": "distance"}, {"n_neighbors": 3, "n_jobs": -1, "weights": "distance"}, {"n_neighbors": 4, "n_jobs": -1, "weights": "distance"}, {"n_neighbors": 5, "n_jobs": -1, "weights": "distance"}, {"n_neighbors": 6, "n_jobs": -1, "weights": "distance"}, {"n_neighbors": 7, "n_jobs": -1, "weights": "distance"}, {"n_neighbors": 8, "n_jobs": -1, "weights": "distance"}, {"n_neighbors": 9, "n_jobs": -1, "weights": "distance"}, {"n_neighbors": 10, "n_jobs": -1, "weights": "distance"}, {"n_neighbors": 11, "n_jobs": -1, "weights": "distance"}, {"n_neighbors": 12, "n_jobs": -1, "weights": "distance"}, {"n_neighbors": 13, "n_jobs": -1, "weights": "distance"}, {"n_neighbors": 14, "n_jobs": -1, "weights": "distance"}, {"n_neighbors": 15, "n_jobs": -1, "weights": "distance"}, {"n_neighbors": 16, "n_jobs": -1, "weights": "distance"}, {"n_neighbors": 17, "n_jobs": -1, "weights": "distance"}, {"n_neighbors": 18, "n_jobs": -1, "weights": "distance"}, {"n_neighbors": 19, "n_jobs": -1, "weights": "distance"}, {"n_neighbors": 20, "n_jobs": -1, "weights": "distance"}, {"n_neighbors": 21, "n_jobs": -1, "weights": "distance"}], "std_fit_time": [0.014379884172483886, 0.004240968649807526, 0.008511639468400127, 0.006035240647700122, 0.010266055473529597, 0.0050223992978346765, 0.00683950287476988, 0.008148131870924474, 0.0023308265760600072, 0.011656072660105437, 0.0064627424499765895, 0.00404659707821167, 0.0062789827766216, 0.007172797914353211, 0.007204672232119808, 0.012351325693844476, 0.016048852225261256, 0.00537519830880894, 0.0021628787460196267, 0.00980213995139692], "split3_test_score": [0.025664527956003668, 0.03024747937671861, 0.03299725022914757, 0.034830430797433545, 0.035747021081576534, 0.0384967919340055, 0.0384967919340055, 0.04032997250229148, 0.04307974335472044, 0.054078826764436295, 0.05591200733272227, 0.05866177818515124, 0.05774518790100825, 0.05957836846929423, 0.05866177818515124, 0.0614115490375802, 0.06232813932172319, 0.06324472960586618, 0.06324472960586618, 0.06416131989000917], "mean_train_score": [1.0, 1.0, 1.0, 1.0, 1.0, 1.0, 1.0, 1.0, 1.0, 1.0, 1.0, 1.0, 1.0, 1.0, 1.0, 1.0, 1.0, 1.0, 1.0, 1.0], "param_weights": ["distance", "distance", "distance", "distance", "distance", "distance", "distance", "distance", "distance", "distance", "distance", "distance", "distance", "distance", "distance", "distance", "distance", "distance", "distance", "distance"], "split1_test_score": [0.02552415679124886, 0.027347310847766638, 0.028258887876025523, 0.02917046490428441, 0.03463992707383774, 0.03555150410209663, 0.03463992707383774, 0.03646308113035551, 0.03919781221513218, 0.04102096627164995, 0.040109389243391066, 0.04284412032816773, 0.04102096627164995, 0.04284412032816773, 0.04284412032816773, 0.04557885141294439, 0.04649042844120328, 0.05195989061075661, 0.05742935278030994, 0.06198723792160438]}