{"std_train_score": [0.0, 0.0, 0.0, 0.0, 0.0, 0.0, 0.0, 0.0, 0.0, 0.0], "split4_test_score": [0.9483260553129549, 0.9483260553129549, 0.9483260553129549, 0.9490538573508006, 0.9490538573508006, 0.9490538573508006, 0.9490538573508006, 0.9490538573508006, 0.9483260553129549, 0.9490538573508006], "rank_test_score": [1, 1, 4, 3, 4, 8, 4, 8, 8, 7], "param_n_neighbors": [1, 2, 3, 4, 5, 6, 7, 8, 9, 10], "split2_train_score": [1.0, 1.0, 1.0, 1.0, 1.0, 1.0, 1.0, 1.0, 1.0, 1.0], "std_score_time": [0.11716138605731244, 0.09918239872522057, 0.15018523192358288, 0.18184556799380883, 0.18150326706092385, 0.1318767920711442, 0.07704823758186298, 0.1701001515996341, 0.21740104489174725, 0.13467644301111314], "split4_train_score": [1.0, 1.0, 1.0, 1.0, 1.0, 1.0, 1.0, 1.0, 1.0, 1.0], "split2_test_score": [0.8941261783901377, 0.8941261783901377, 0.8941261783901377, 0.8941261783901377, 0.8941261783901377, 0.8941261783901377, 0.8941261783901377, 0.8941261783901377, 0.8941261783901377, 0.8941261783901377], "mean_score_time": [0.3392746925354004, 0.29952001571655273, 0.41939783096313477, 0.5170233726501465, 0.5527867794036865, 0.4791392803192139, 0.4821507930755615, 0.6323641777038574, 0.6305675983428956, 0.5823977947235107], "mean_fit_time": [0.20463948249816893, 0.24007325172424315, 0.25811238288879396, 0.32442898750305177, 0.22664999961853027, 0.236983585357666, 0.24602971076965333, 0.28879380226135254, 0.17261891365051268, 0.24349641799926758], "split3_train_score": [1.0, 1.0, 1.0, 1.0, 1.0, 1.0, 1.0, 1.0, 1.0, 1.0], "split0_train_score": [1.0, 1.0, 1.0, 1.0, 1.0, 1.0, 1.0, 1.0, 1.0, 1.0], "std_test_score": [0.04814016267321432, 0.04814016267321432, 0.04707061299748343, 0.047104087619737056, 0.04667112685092256, 0.04624138628109129, 0.046223155251868125, 0.04620853091877769, 0.046309238291315426, 0.04670265259643621], "split1_train_score": [1.0, 1.0, 1.0, 1.0, 1.0, 1.0, 1.0, 1.0, 1.0, 1.0], "split0_test_score": [0.8885672937771346, 0.8885672937771346, 0.8885672937771346, 0.8892908827785818, 0.8892908827785818, 0.8892908827785818, 0.8914616497829233, 0.8914616497829233, 0.8914616497829233, 0.8907380607814761], "mean_test_score": [0.91366802089379, 0.91366802089379, 0.9132327336041788, 0.9135229251305862, 0.9132327336041788, 0.9129425420777714, 0.9132327336041788, 0.9129425420777714, 0.9129425420777714, 0.913087637840975], "param_n_jobs": [-1, -1, -1, -1, -1, -1, -1, -1, -1, -1], "params": [{"n_neighbors": 1, "n_jobs": -1, "weights": "distance"}, {"n_neighbors": 2, "n_jobs": -1, "weights": "distance"}, {"n_neighbors": 3, "n_jobs": -1, "weights": "distance"}, {"n_neighbors": 4, "n_jobs": -1, "weights": "distance"}, {"n_neighbors": 5, "n_jobs": -1, "weights": "distance"}, {"n_neighbors": 6, "n_jobs": -1, "weights": "distance"}, {"n_neighbors": 7, "n_jobs": -1, "weights": "distance"}, {"n_neighbors": 8, "n_jobs": -1, "weights": "distance"}, {"n_neighbors": 9, "n_jobs": -1, "weights": "distance"}, {"n_neighbors": 10, "n_jobs": -1, "weights": "distance"}], "std_fit_time": [0.06368844415412936, 0.07490658855138939, 0.054365256938644364, 0.1021620076867113, 0.08533463242281934, 0.09514285579370783, 0.026363266489429743, 0.05824958819069678, 0.037125124746739575, 0.0761093528994687], "split3_test_score": [0.85039941902687, 0.85039941902687, 0.8511256354393609, 0.8511256354393609, 0.8511256354393609, 0.8511256354393609, 0.85039941902687, 0.8496732026143791, 0.8496732026143791, 0.8496732026143791], "mean_train_score": [1.0, 1.0, 1.0, 1.0, 1.0, 1.0, 1.0, 1.0, 1.0, 1.0], "param_weights": ["distance", "distance", "distance", "distance", "distance", "distance", "distance", "distance", "distance", "distance"], "split1_test_score": [0.9869565217391304, 0.9869565217391304, 0.9840579710144928, 0.9840579710144928, 0.9826086956521739, 0.981159420289855, 0.981159420289855, 0.9804347826086957, 0.981159420289855, 0.9818840579710145]}