{"std_train_score": [0.0, 0.0, 0.0, 0.0, 0.0, 0.0, 0.0, 0.0, 0.0, 0.0], "split4_test_score": [0.9541484716157205, 0.9541484716157205, 0.9534206695778749, 0.9541484716157205, 0.9541484716157205, 0.9541484716157205, 0.9541484716157205, 0.9541484716157205, 0.9534206695778749, 0.9541484716157205], "rank_test_score": [1, 1, 5, 3, 5, 10, 3, 9, 7, 7], "param_n_neighbors": [1, 2, 3, 4, 5, 6, 7, 8, 9, 10], "split2_train_score": [1.0, 1.0, 1.0, 1.0, 1.0, 1.0, 1.0, 1.0, 1.0, 1.0], "std_score_time": [0.11468406596130973, 0.13025073596928494, 0.046168853014553375, 0.16269040225013087, 0.1156479331805069, 0.14658565316233343, 0.087492169092753, 0.1673185047101249, 0.079064776156151, 0.1976893852846757], "split4_train_score": [1.0, 1.0, 1.0, 1.0, 1.0, 1.0, 1.0, 1.0, 1.0, 1.0], "split2_test_score": [0.8948513415518492, 0.8948513415518492, 0.8955765047135605, 0.8948513415518492, 0.8948513415518492, 0.8948513415518492, 0.8948513415518492, 0.8948513415518492, 0.8948513415518492, 0.8941261783901377], "mean_score_time": [0.4075465679168701, 0.327164363861084, 0.34300985336303713, 0.4980668067932129, 0.3767838001251221, 0.4413733959197998, 0.5404955863952636, 0.5242993354797363, 0.5484821796417236, 0.6994154453277588], "mean_fit_time": [0.15042581558227539, 0.20443181991577147, 0.18865160942077636, 0.19844465255737304, 0.24060168266296386, 0.22886018753051757, 0.21404461860656737, 0.24275102615356445, 0.1872931957244873, 0.1611769676208496], "split3_train_score": [1.0, 1.0, 1.0, 1.0, 1.0, 1.0, 1.0, 1.0, 1.0, 1.0], "split0_train_score": [1.0, 1.0, 1.0, 1.0, 1.0, 1.0, 1.0, 1.0, 1.0, 1.0], "std_test_score": [0.048658516723856175, 0.048658516723856175, 0.047634207222790034, 0.0477226240309495, 0.04710283459926788, 0.04643968330791308, 0.04679710698893092, 0.046536124378827266, 0.0468639534264735, 0.04735163181165313], "split1_train_score": [1.0, 1.0, 1.0, 1.0, 1.0, 1.0, 1.0, 1.0, 1.0, 1.0], "split0_test_score": [0.8879248011569053, 0.8879248011569053, 0.8879248011569053, 0.888647866955893, 0.888647866955893, 0.888647866955893, 0.8908170643528561, 0.8908170643528561, 0.8908170643528561, 0.8900939985538684], "mean_test_score": [0.9180208937899014, 0.9180208937899014, 0.917730702263494, 0.9178757980266976, 0.917730702263494, 0.9172954149738828, 0.9178757980266976, 0.9174405107370864, 0.9175856065002902, 0.9175856065002902], "param_n_jobs": [-1, -1, -1, -1, -1, -1, -1, -1, -1, -1], "params": [{"n_neighbors": 1, "n_jobs": -1, "weights": "distance"}, {"n_neighbors": 2, "n_jobs": -1, "weights": "distance"}, {"n_neighbors": 3, "n_jobs": -1, "weights": "distance"}, {"n_neighbors": 4, "n_jobs": -1, "weights": "distance"}, {"n_neighbors": 5, "n_jobs": -1, "weights": "distance"}, {"n_neighbors": 6, "n_jobs": -1, "weights": "distance"}, {"n_neighbors": 7, "n_jobs": -1, "weights": "distance"}, {"n_neighbors": 8, "n_jobs": -1, "weights": "distance"}, {"n_neighbors": 9, "n_jobs": -1, "weights": "distance"}, {"n_neighbors": 10, "n_jobs": -1, "weights": "distance"}], "std_fit_time": [0.0072047632501646445, 0.06455987651610595, 0.0511365401254304, 0.033135255105063446, 0.042354365340050014, 0.04786648932010828, 0.07049030050017219, 0.07444536200273963, 0.07404757708974441, 0.04433357270429623], "split3_test_score": [0.8597383720930233, 0.8597383720930233, 0.8604651162790697, 0.8604651162790697, 0.8611918604651163, 0.8611918604651163, 0.8604651162790697, 0.8597383720930233, 0.8597383720930233, 0.8597383720930233], "mean_train_score": [1.0, 1.0, 1.0, 1.0, 1.0, 1.0, 1.0, 1.0, 1.0, 1.0], "param_weights": ["distance", "distance", "distance", "distance", "distance", "distance", "distance", "distance", "distance", "distance"], "split1_test_score": [0.9934782608695653, 0.9934782608695653, 0.991304347826087, 0.991304347826087, 0.9898550724637681, 0.9876811594202899, 0.9891304347826086, 0.9876811594202899, 0.9891304347826086, 0.9898550724637681]}