{"std_train_score": [0.0, 0.0, 0.0, 0.0, 0.0, 0.0, 0.0, 0.0, 0.0, 0.0], "split4_test_score": [0.9513761467889909, 0.9513761467889909, 0.944954128440367, 0.944954128440367, 0.9440366972477064, 0.9458715596330275, 0.9412844036697248, 0.9385321100917431, 0.936697247706422, 0.9348623853211009], "rank_test_score": [9, 9, 7, 7, 4, 5, 6, 1, 2, 3], "param_n_neighbors": [1, 2, 3, 4, 5, 6, 7, 8, 9, 10], "split2_train_score": [1.0, 1.0, 1.0, 1.0, 1.0, 1.0, 1.0, 1.0, 1.0, 1.0], "std_score_time": [0.12194335636407144, 0.10012158549797266, 0.1256673142140422, 0.12248533483721144, 0.157164099093728, 0.1073545291637035, 0.18913586029171628, 0.09632791070483727, 0.16417142537970525, 0.2737990283397328], "split4_train_score": [1.0, 1.0, 1.0, 1.0, 1.0, 1.0, 1.0, 1.0, 1.0, 1.0], "split2_test_score": [0.7584629460201281, 0.7584629460201281, 0.7602927721866423, 0.7602927721866423, 0.7593778591033852, 0.7593778591033852, 0.7584629460201281, 0.7584629460201281, 0.7584629460201281, 0.7584629460201281], "mean_score_time": [0.3465725898742676, 0.30585618019104005, 0.34140501022338865, 0.35532822608947756, 0.4010634422302246, 0.47298741340637207, 0.4613505840301514, 0.4919717311859131, 0.527944803237915, 0.6003889560699462], "mean_fit_time": [0.1658763885498047, 0.15746583938598632, 0.12974076271057128, 0.10740375518798828, 0.09738755226135254, 0.12885503768920897, 0.17079610824584962, 0.15260868072509765, 0.09112796783447266, 0.15659842491149903], "split3_train_score": [1.0, 1.0, 1.0, 1.0, 1.0, 1.0, 1.0, 1.0, 1.0, 1.0], "split0_train_score": [1.0, 1.0, 1.0, 1.0, 1.0, 1.0, 1.0, 1.0, 1.0, 1.0], "std_test_score": [0.09596742426216684, 0.09596742426216684, 0.09354737264824618, 0.09354737264824618, 0.0905857076839945, 0.09182506777131845, 0.08929105056801964, 0.10141570635555104, 0.10083462006387081, 0.10007428062416458], "split1_train_score": [1.0, 1.0, 1.0, 1.0, 1.0, 1.0, 1.0, 1.0, 1.0, 1.0], "split0_test_score": [0.8448905109489051, 0.8448905109489051, 0.8458029197080292, 0.8458029197080292, 0.8458029197080292, 0.843978102189781, 0.8412408759124088, 0.8403284671532847, 0.8403284671532847, 0.8412408759124088], "mean_test_score": [0.8115623856567874, 0.8115623856567874, 0.8161361141602634, 0.8161361141602634, 0.8175997072813758, 0.8170508598609586, 0.8166849615806806, 0.832235638492499, 0.831686791072082, 0.8311379436516648], "param_n_jobs": [-1, -1, -1, -1, -1, -1, -1, -1, -1, -1], "params": [{"n_neighbors": 1, "n_jobs": -1, "weights": "distance"}, {"n_neighbors": 2, "n_jobs": -1, "weights": "distance"}, {"n_neighbors": 3, "n_jobs": -1, "weights": "distance"}, {"n_neighbors": 4, "n_jobs": -1, "weights": "distance"}, {"n_neighbors": 5, "n_jobs": -1, "weights": "distance"}, {"n_neighbors": 6, "n_jobs": -1, "weights": "distance"}, {"n_neighbors": 7, "n_jobs": -1, "weights": "distance"}, {"n_neighbors": 8, "n_jobs": -1, "weights": "distance"}, {"n_neighbors": 9, "n_jobs": -1, "weights": "distance"}, {"n_neighbors": 10, "n_jobs": -1, "weights": "distance"}], "std_fit_time": [0.07060161935512427, 0.039073958371363335, 0.044837205695127884, 0.03417994011399517, 0.024854253741796686, 0.07530063143230907, 0.058447476470370845, 0.03824260139952778, 0.011524558628601148, 0.05030907553467225], "split3_test_score": [0.8397435897435898, 0.8397435897435898, 0.8598901098901099, 0.8598901098901099, 0.8598901098901099, 0.8598901098901099, 0.8617216117216118, 0.9423076923076923, 0.9413919413919414, 0.9395604395604396], "mean_train_score": [1.0, 1.0, 1.0, 1.0, 1.0, 1.0, 1.0, 1.0, 1.0, 1.0], "param_weights": ["distance", "distance", "distance", "distance", "distance", "distance", "distance", "distance", "distance", "distance"], "split1_test_score": [0.6639269406392694, 0.6639269406392694, 0.6703196347031963, 0.6703196347031963, 0.6794520547945205, 0.6767123287671233, 0.6812785388127854, 0.6821917808219178, 0.6821917808219178, 0.6821917808219178]}