{"std_train_score": [0.0, 0.0, 0.0, 0.0, 0.0, 0.0, 0.0, 0.0, 0.0, 0.0], "split4_test_score": [0.9448529411764706, 0.9448529411764706, 0.9485294117647058, 0.9485294117647058, 0.9494485294117647, 0.9476102941176471, 0.9448529411764706, 0.9420955882352942, 0.9393382352941176, 0.9365808823529411], "rank_test_score": [9, 9, 8, 7, 4, 5, 6, 1, 2, 3], "param_n_neighbors": [1, 2, 3, 4, 5, 6, 7, 8, 9, 10], "split2_train_score": [1.0, 1.0, 1.0, 1.0, 1.0, 1.0, 1.0, 1.0, 1.0, 1.0], "std_score_time": [0.11543222998083555, 0.10592906083370232, 0.1608934611108667, 0.14821014767741547, 0.14051675222017776, 0.12756502191055497, 0.09938601264920251, 0.1837237164358904, 0.13750957090218882, 0.13987920403577875], "split4_train_score": [1.0, 1.0, 1.0, 1.0, 1.0, 1.0, 1.0, 1.0, 1.0, 1.0], "split2_test_score": [0.757548032936871, 0.757548032936871, 0.7593778591033852, 0.7593778591033852, 0.7566331198536139, 0.7557182067703568, 0.7548032936870998, 0.7548032936870998, 0.7548032936870998, 0.7548032936870998], "mean_score_time": [0.28912787437438964, 0.33418889045715333, 0.4201682090759277, 0.3629600048065186, 0.35291337966918945, 0.4276097774505615, 0.44936981201171877, 0.5306541919708252, 0.38789844512939453, 0.44094200134277345], "mean_fit_time": [0.12613358497619628, 0.12108345031738281, 0.13132576942443847, 0.11281037330627441, 0.14220900535583497, 0.14133501052856445, 0.16126861572265624, 0.12885961532592774, 0.12612195014953614, 0.12184700965881348], "split3_train_score": [1.0, 1.0, 1.0, 1.0, 1.0, 1.0, 1.0, 1.0, 1.0, 1.0], "split0_train_score": [1.0, 1.0, 1.0, 1.0, 1.0, 1.0, 1.0, 1.0, 1.0, 1.0], "std_test_score": [0.09282520029210418, 0.09282520029210418, 0.09190847251132225, 0.09323954159520205, 0.09149943063269972, 0.09190213377519324, 0.0898313248538639, 0.10212529495154886, 0.10114255375608797, 0.10037938544831472], "split1_train_score": [1.0, 1.0, 1.0, 1.0, 1.0, 1.0, 1.0, 1.0, 1.0, 1.0], "split0_test_score": [0.8441203281677302, 0.8441203281677302, 0.845031905195989, 0.845031905195989, 0.845031905195989, 0.8432087511394712, 0.8404740200546946, 0.8395624430264357, 0.8395624430264357, 0.8404740200546946], "mean_test_score": [0.8095499451152579, 0.8095499451152579, 0.8124771313574827, 0.8163190633004025, 0.81869740212221, 0.8174167581412367, 0.8172338090010977, 0.8329674350530553, 0.8320526893523601, 0.8315038419319429], "param_n_jobs": [-1, -1, -1, -1, -1, -1, -1, -1, -1, -1], "params": [{"n_neighbors": 1, "n_jobs": -1, "weights": "distance"}, {"n_neighbors": 2, "n_jobs": -1, "weights": "distance"}, {"n_neighbors": 3, "n_jobs": -1, "weights": "distance"}, {"n_neighbors": 4, "n_jobs": -1, "weights": "distance"}, {"n_neighbors": 5, "n_jobs": -1, "weights": "distance"}, {"n_neighbors": 6, "n_jobs": -1, "weights": "distance"}, {"n_neighbors": 7, "n_jobs": -1, "weights": "distance"}, {"n_neighbors": 8, "n_jobs": -1, "weights": "distance"}, {"n_neighbors": 9, "n_jobs": -1, "weights": "distance"}, {"n_neighbors": 10, "n_jobs": -1, "weights": "distance"}], "std_fit_time": [0.0606948455345085, 0.06576213649600993, 0.026748533458404333, 0.024569796458299816, 0.06775811777121442, 0.04103107475594836, 0.037726014900588446, 0.042055523823407964, 0.046204650143246886, 0.047454894209128594], "split3_test_score": [0.8350137488542622, 0.8350137488542622, 0.8368469294225481, 0.8560953253895509, 0.8606782768102658, 0.8615948670944088, 0.8625114573785518, 0.9440879926672777, 0.9422548120989918, 0.9413382218148487], "mean_train_score": [1.0, 1.0, 1.0, 1.0, 1.0, 1.0, 1.0, 1.0, 1.0, 1.0], "param_weights": ["distance", "distance", "distance", "distance", "distance", "distance", "distance", "distance", "distance", "distance"], "split1_test_score": [0.6672743846855059, 0.6672743846855059, 0.6736554238833181, 0.6736554238833181, 0.682771194165907, 0.6800364630811303, 0.6845943482224248, 0.6855059252506837, 0.6855059252506837, 0.6855059252506837]}